router,scenario,seed,nodes,simtime_s,period_s,hop_limit,dms,modem,capture_db,clock_drift_ppm,model,packet_len,movement,kill_at_s,revive_at_s,kill_mode,deaf_at_s,deaf_until_s,ar_params,messages_generated,messages_delivered_pairs,reach,tx_count,tx_airtime_ms,collisions,sensed,received,collision_rate,latency_mean_ms,latency_p95_ms,retransmissions,dropped,tx_per_delivered,one_way_pairs,bidirectional_pairs,bidirectional_reach,conversations,ce_conversations_per_airtime_s,max_tx_per_node,avg_tx_per_node,p95_tx_per_node,reach_gen_first60s,reach_gen_first300s,meta_area_side,meta_roles_mixed,meta_scenario,meta_seed,meta_n_nodes,meta_hop_limit,meta_dms,meta_avg_neighbors_t0,tx_start_interarrival_p50_ms,tx_start_interarrival_p95_ms,simultaneous_tx_peak,tx_burst_size_p95,collision_per_tx,collision_per_delivered,variant,adaptive_primary_selected,adaptive_primary_success,adaptive_primary_failure,adaptive_backup1_triggered,adaptive_backup1_success,adaptive_backup2_triggered,adaptive_backup2_success,adaptive_mini_flood_triggered,adaptive_mpr_forward,adaptive_suppressed_forward,adaptive_route_switches,adaptive_primary_flaps,adaptive_sector_candidates,adaptive_sector_primary_selected,adaptive_unique_coverage_preserved,adaptive_cross_sector_suppression,adaptive_same_sector_inhibition,adaptive_segment_fallback,adaptive_confidence_low_time_ms,adaptive_gossip_forwards,ar_cancel_in_air,ar_cancel_residual_empty,ar_cancel_echo,ar_covered_elsewhere,watchdog_false_failure,ndb_entries,ndb_census_shield,ndb_radius_scaled,suppression_regret,unique_relay_suppressed,backup1_useful,backup1_redundant,backup2_useful,backup2_redundant,mini_flood_delivered,topk_evictions,mobility_recommend_mute,mobility_relay_suppressed,shepherd_msgs_tx,collect_hears,collect_ignored_scope,rescues_during_collect,rescue_budget_denied,shepherd_election_cancelled,boost_windows,boost_exits,suppressed_by_census,copies_before_suppress,copies_before_forward,n3_forward_rank0,n3_forward_rank1,n3_forward_rank2,n3_fallback_suppressed,n3_shep_rescues,n4_airtime_granted,n4_starved,neighborinfo_tx,neighborinfo_bytes,neighborinfo_airtime,neighborinfo_full_tx,neighborinfo_delta_tx,neighborinfo_delta_miss,neighborinfo_raw_bytes,neighborinfo_encoded_bytes,known_1hop,known_2hop,unique_bridge_detected,suppression_blocked_unique,suppression_blocked_low_alt,adaptive_inhibition_weak,adaptive_inhibition_medium,adaptive_inhibition_strong,known_2hop_entries,advertised_entries,functional_segments,segment_changes,frontier_suppression_regret,relay_fatigue_mean,relay_fatigue_max,topk_table_high_mean,tx_by_role,death_count,death_reasons,death_mean_local_degree,death_mean_alt_paths,death_mean_confidence,death_mean_residual_cov,death_mean_my_unique_cov,death_mean_segment_count,death_frac_unique_gt0,death_frac_alt_le1,dm_acked,tx_per_successful_hop,fallbacks_per_delivered_dm,cef_frontier_rescued
MANAGED_FLOOD,dense_roles,2,50,600,30,3,False,LONG_FAST,6,0,5,40,False,,,relay,,,,420,6512,0.31642371234207967,4058,1178990.5920000004,10112,117129,17197,0.0863321636827771,120546.41747265075,403228.97086958657,796,5962,0.6231572481572482,1748,1356,0.7757,0,0.0,157,81.16,150,0.6755805770584096,0.4362708719851577,3500.0,True,dense_roles,2,50,3,False,29.48,0.0,0.0,200,100,2.4919,1.5528,MF,,,,,,,,,,,,,,,,,,,,,,,,,,,,,,,,,,,,,,,,,,,,,,,,,,,,,,,,,,,,,,,,,,,,,,,,,,,,,,,,,,,,,,,,,,,,,,,
MANAGED_FLOOD,dense_roles,4,50,600,30,3,False,LONG_FAST,6,0,5,40,False,,,relay,,,,374,6010,0.32794936156280696,3907,1139378.1760000004,12562,121945,17150,0.10301365369633851,155060.78572375796,416929.0375552757,819,6971,0.6500831946755408,2108,1798,0.8529,0,0.0,156,78.14,143,0.8113139992839241,0.494846423417852,3500.0,True,dense_roles,4,50,3,False,31.72,0.0,0.0,200,100,3.2153,2.0902,MF,,,,,,,,,,,,,,,,,,,,,,,,,,,,,,,,,,,,,,,,,,,,,,,,,,,,,,,,,,,,,,,,,,,,,,,,,,,,,,,,,,,,,,,,,,,,,,,
MANAGED_FLOOD,dense_roles,3,50,600,30,3,False,LONG_FAST,6,0,5,40,False,,,relay,,,,366,5843,0.3258057321289171,3768,1184202.7520000006,12496,110633,17692,0.11295002395307006,155762.26742333706,415412.96999167104,887,7192,0.644874208454561,1794,1316,0.7336,0,0.0,142,75.36,135,0.7488226059654631,0.49526614769619187,3500.0,True,dense_roles,3,50,3,False,30.32,0.0,0.0,200,100,3.3163,2.1386,MF,,,,,,,,,,,,,,,,,,,,,,,,,,,,,,,,,,,,,,,,,,,,,,,,,,,,,,,,,,,,,,,,,,,,,,,,,,,,,,,,,,,,,,,,,,,,,,,
MANAGED_FLOOD,dense_roles,1,50,600,30,3,False,LONG_FAST,6,0,5,40,False,,,relay,,,,417,6111,0.29907502569373073,4270,1435428.8640000008,11891,111911,16557,0.10625407690039407,129047.91683466944,402674.14400000003,704,6863,0.6987399770904925,1724,1254,0.7274,0,0.0,153,85.4,135,0.6155365371955234,0.41538739389561136,3500.0,True,dense_roles,1,50,3,False,26.12,0.0,0.0,250,100,2.7848,1.9458,MF,,,,,,,,,,,,,,,,,,,,,,,,,,,,,,,,,,,,,,,,,,,,,,,,,,,,,,,,,,,,,,,,,,,,,,,,,,,,,,,,,,,,,,,,,,,,,,,
MANAGED_FLOOD,dense_roles,5,50,600,30,3,False,LONG_FAST,6,0,5,40,False,,,relay,,,,371,6358,0.34974421035260467,3598,1230069.7600000005,13641,107154,16877,0.12730276051290665,132446.40999708453,405968.5275832667,785,5335,0.5659012268008807,1876,1466,0.7814,0,0.0,155,71.96,136,0.7328385899814471,0.5119562976705834,3500.0,True,dense_roles,5,50,3,False,30.12,0.0,0.0,200,100,3.7913,2.1455,MF,,,,,,,,,,,,,,,,,,,,,,,,,,,,,,,,,,,,,,,,,,,,,,,,,,,,,,,,,,,,,,,,,,,,,,,,,,,,,,,,,,,,,,,,,,,,,,,
MANAGED_FLOOD,dense_roles,6,50,600,30,3,False,LONG_FAST,6,0,5,40,False,,,relay,,,,368,6233,0.34566326530612246,3288,1219645.4400000006,13935,104367,16785,0.13351921584408866,121588.81935831893,393026.649972331,740,5037,0.527514840365795,1704,1170,0.6866,0,0.0,146,65.76,142,0.6352985638699924,0.475890356142457,3500.0,True,dense_roles,6,50,3,False,31.96,0.0,0.0,200,100,4.2381,2.2357,MF,,,,,,,,,,,,,,,,,,,,,,,,,,,,,,,,,,,,,,,,,,,,,,,,,,,,,,,,,,,,,,,,,,,,,,,,,,,,,,,,,,,,,,,,,,,,,,,
MANAGED_FLOOD,dense_roles,8,50,600,30,3,False,LONG_FAST,6,0,5,40,False,,,relay,,,,410,6483,0.32269785963165754,3498,1296785.4080000005,10013,89416,17750,0.11198219558020936,108464.15760524156,345105.0685120531,753,5062,0.5395650161962054,1831,1472,0.8039,0,0.0,183,69.96,146,0.6056727775856106,0.44521771842377506,3500.0,True,dense_roles,8,50,3,False,25.6,0.0,0.0,200,100,2.8625,1.5445,MF,,,,,,,,,,,,,,,,,,,,,,,,,,,,,,,,,,,,,,,,,,,,,,,,,,,,,,,,,,,,,,,,,,,,,,,,,,,,,,,,,,,,,,,,,,,,,,,
MANAGED_FLOOD,dense_roles,7,50,600,30,3,False,LONG_FAST,6,0,5,40,False,,,relay,,,,385,6290,0.3334216803604559,3778,1262385.1520000005,12004,107860,17803,0.11129241609493788,117492.27520181877,392140.3421672782,720,6516,0.6006359300476948,1826,1378,0.7547,0,0.0,158,75.56,147,0.6326530612244898,0.45179786200194366,3500.0,True,dense_roles,7,50,3,False,28.52,0.0,0.0,200,100,3.1773,1.9084,MF,,,,,,,,,,,,,,,,,,,,,,,,,,,,,,,,,,,,,,,,,,,,,,,,,,,,,,,,,,,,,,,,,,,,,,,,,,,,,,,,,,,,,,,,,,,,,,,
MANAGED_FLOOD,dense_roles,9,50,600,30,3,False,LONG_FAST,6,0,5,40,False,,,relay,,,,413,6767,0.33438750802984635,3699,1082044.4160000004,11007,104412,16940,0.10541891736582001,134898.2114495704,426042.5191619855,893,4636,0.5466233190483227,1969,1638,0.8319,0,0.0,165,73.98,157,0.7572886297376094,0.4950410070570284,3500.0,True,dense_roles,9,50,3,False,29.16,0.0,0.0,200,100,2.9757,1.6266,MF,,,,,,,,,,,,,,,,,,,,,,,,,,,,,,,,,,,,,,,,,,,,,,,,,,,,,,,,,,,,,,,,,,,,,,,,,,,,,,,,,,,,,,,,,,,,,,,
MANAGED_FLOOD,dense_roles,10,50,600,30,3,False,LONG_FAST,6,0,5,40,False,,,relay,,,,409,6437,0.3211915573075196,3734,1271767.0400000005,10464,98191,17500,0.10656781171390453,140724.28076500262,417467.3577061259,818,5837,0.5800838900108747,2004,1652,0.8244,0,0.0,154,74.68,141,0.8020050125313283,0.46938775510204084,3500.0,True,dense_roles,10,50,3,False,25.24,0.0,0.0,200,100,2.8024,1.6256,MF,,,,,,,,,,,,,,,,,,,,,,,,,,,,,,,,,,,,,,,,,,,,,,,,,,,,,,,,,,,,,,,,,,,,,,,,,,,,,,,,,,,,,,,,,,,,,,,
ADAPTIVE_RELAY,dense_roles,2,50,600,30,3,False,LONG_FAST,6,0,5,40,False,,,relay,,,,414,6317,0.3113970225771468,3916,1167523.8400000005,10493,112962,17113,0.09288964430516457,132681.8025566669,401020.8959999999,863,5930,0.6199145163843597,1805,1396,0.7734,0,0.0,158,78.32,143,0.6748299319727891,0.4511526832955404,3500.0,True,dense_roles,2,50,3,False,29.48,0.0,0.0,200,100,2.6795,1.6611,N3S_SHEP2D,0,0,0,0,0,0,0,0,0,0,0,0,0,0,0,0,0,0,0,0,0,0,0,0,0,0,0,0,0,0,0,0,0,0,0,0,0,0,0,0,0,0,0,0,0,0,40,81,3294,1854,715,714,40,0,0.0,0,0,0,0.0,0,0,0,0,0,1109,356,0,0,0,0,0,0,1762,0,419,317,35,0.0,0.0,0.0,"{""CLIENT_BASE"": 2632, ""CLIENT_MUTE"": 559, ""ROUTER"": 725}",40,"{""census_suppress"": 40}",18.225,0.72,0.744,7.4,7.4,6.625,0.925,1.0,0,3916.0,0.0,
ADAPTIVE_RELAY,dense_roles,1,50,600,30,3,False,LONG_FAST,6,0,5,40,False,,,relay,,,,410,6220,0.3096067695370831,4291,1448980.4800000007,12139,112953,16749,0.10746947845564084,126573.16441349647,420957.69599999994,706,6670,0.6898713826366559,1843,1408,0.764,0,0.0,151,85.82,137,0.664101706256273,0.441617742987606,3500.0,True,dense_roles,1,50,3,False,26.12,0.0,0.0,200,100,2.8289,1.9516,N3S_SHEP2D,0,0,0,0,0,0,0,0,0,0,0,0,0,0,0,0,0,0,0,0,0,0,0,0,0,0,0,0,0,0,0,0,0,0,0,0,0,0,0,0,0,0,0,0,0,0,36,73,3695,1987,901,772,34,0,0.0,0,0,0,0.0,0,0,0,0,0,1055,562,0,0,0,0,0,0,1773,0,472,307,31,0.0,0.0,0.0,"{""CLIENT_MUTE"": 369, ""CLIENT_BASE"": 2758, ""ROUTER"": 1164}",36,"{""census_suppress"": 36}",14.778,0.55,0.687,10.028,10.028,5.222,0.889,1.0,0,4291.0,0.0,
ADAPTIVE_RELAY,dense_roles,3,50,600,30,3,False,LONG_FAST,6,0,5,40,False,,,relay,,,,363,5883,0.3307471749030191,3603,1210263.5520000006,12619,105827,17849,0.11924178139794192,151190.57997330965,415598.24360961607,867,7516,0.6124426313105559,1844,1428,0.7744,0,0.0,143,72.06,130,0.745090489025799,0.5074547953896584,3500.0,True,dense_roles,3,50,3,False,30.32,0.0,0.0,200,100,3.5024,2.145,N3S_SHEP2D,0,0,0,0,0,0,0,0,0,0,0,0,0,0,0,0,0,0,0,0,0,0,0,0,0,0,0,0,0,0,0,0,0,0,0,0,0,0,0,0,0,0,0,0,0,0,20,40,3155,1700,830,612,19,0,0.0,0,0,0,0.0,0,0,0,0,0,972,782,0,0,0,0,0,0,1691,0,507,333,15,0.0,0.0,0.0,"{""ROUTER"": 1804, ""CLIENT_MUTE"": 480, ""CLIENT_BASE"": 1319}",20,"{""census_suppress"": 20}",9.9,0.18,0.54,6.9,6.9,2.1,0.85,1.0,0,3603.0,0.0,
ADAPTIVE_RELAY,dense_roles,4,50,600,30,3,False,LONG_FAST,6,0,5,40,False,,,relay,,,,386,6125,0.3238341968911917,3907,1148317.6960000005,12727,121754,17032,0.10453044663830346,141078.07423132716,437033.47250237234,808,6558,0.6378775510204082,1934,1506,0.7787,0,0.0,149,78.14,144,0.6882477128782547,0.478134110787172,3500.0,True,dense_roles,4,50,3,False,31.72,0.0,0.0,200,100,3.2575,2.0779,N3S_SHEP2D,0,0,0,0,0,0,0,0,0,0,0,0,0,0,0,0,0,0,0,0,0,0,0,0,0,0,0,0,0,0,0,0,0,0,0,0,0,0,1,4,0,4,0,0,0,0,54,110,3382,1796,844,719,53,4,0.0,0,0,0,0.0,0,0,0,0,0,1123,622,0,0,0,0,0,0,1827,0,434,315,45,0.0,0.0,0.0,"{""CLIENT_BASE"": 2476, ""CLIENT_MUTE"": 391, ""ROUTER"": 1040}",54,"{""census_suppress"": 54}",16.185,0.633,0.705,9.667,9.667,6.574,0.944,1.0,0,3907.0,0.0,4
ADAPTIVE_RELAY,dense_roles,5,50,600,30,3,False,LONG_FAST,6,0,5,40,False,,,relay,,,,370,6480,0.35741864313292887,3583,1232154.6240000005,13694,107195,16747,0.12774849573207706,126635.59773479498,380382.23835530935,776,5244,0.5529320987654321,1873,1438,0.7678,0,0.0,146,71.66,143,0.6996061582527748,0.5082845019195797,3500.0,True,dense_roles,5,50,3,False,30.12,0.0,0.0,200,100,3.8219,2.1133,N3S_SHEP2D,0,0,0,0,0,0,0,0,0,0,0,0,0,0,0,0,0,0,0,0,0,0,0,0,0,0,0,0,0,0,0,0,0,0,0,0,0,0,0,0,0,0,0,0,0,0,13,26,2829,1440,824,557,12,0,0.0,0,0,0,0.0,0,0,0,0,0,1029,315,0,0,0,0,0,0,1821,0,358,310,9,0.0,0.0,0.0,"{""CLIENT_MUTE"": 615, ""ROUTER"": 963, ""CLIENT_BASE"": 2005}",13,"{""census_suppress"": 13}",14.077,0.485,0.713,9.154,9.154,4.462,1.0,1.0,0,3583.0,0.0,
ADAPTIVE_RELAY,dense_roles,6,50,600,30,3,False,LONG_FAST,6,0,5,40,False,,,relay,,,,380,6243,0.3352846401718582,3313,1214433.2800000005,13450,105401,16848,0.12760789745827839,116972.05045533073,406068.98993773025,768,4897,0.5306743552779113,1761,1264,0.7178,0,0.0,158,66.26,142,0.6460239268121042,0.44767266512516335,3500.0,True,dense_roles,6,50,3,False,31.96,0.0,0.0,200,100,4.0598,2.1544,N3S_SHEP2D,0,0,0,0,0,0,0,0,0,0,0,0,0,0,0,0,0,0,0,0,0,0,0,0,0,0,0,0,0,0,0,0,0,0,0,0,0,0,0,0,0,0,0,0,0,0,15,30,2522,1331,732,449,14,0,0.0,0,0,0,0.0,0,0,0,0,0,1013,291,0,0,0,0,0,0,1677,0,404,314,9,0.0,0.0,0.0,"{""CLIENT_BASE"": 1190, ""CLIENT_MUTE"": 627, ""ROUTER"": 1496}",15,"{""census_suppress"": 15}",7.667,0.12,0.484,4.867,4.867,1.467,1.0,1.0,0,3313.0,0.0,
ADAPTIVE_RELAY,dense_roles,7,50,600,30,3,False,LONG_FAST,6,0,5,40,False,,,relay,,,,378,6193,0.33435914048158943,3587,1250918.4000000006,11783,102878,17954,0.11453371955131321,124393.66530265502,368677.5256161257,690,6740,0.5792023252058776,1740,1252,0.7195,0,0.0,160,71.74,138,0.6215842269111034,0.4739567468778556,3500.0,True,dense_roles,7,50,3,False,28.52,0.0,0.0,200,100,3.2849,1.9026,N3S_SHEP2D,0,0,0,0,0,0,0,0,0,0,0,0,0,0,0,0,0,0,0,0,0,0,0,0,0,0,0,0,0,0,0,0,0,0,0,0,0,0,1,0,0,2,0,0,0,0,19,39,3041,1883,645,498,16,2,0.0,0,0,0,0.0,0,0,0,0,0,961,671,0,0,0,0,0,0,1700,0,325,337,11,0.0,0.0,0.0,"{""CLIENT_MUTE"": 483, ""ROUTER"": 1542, ""CLIENT_BASE"": 1562}",19,"{""census_suppress"": 19}",12.368,0.9,0.712,3.421,3.421,3.0,0.895,0.789,0,3587.0,0.0,2
ADAPTIVE_RELAY,dense_roles,9,50,600,30,3,False,LONG_FAST,6,0,5,40,False,,,relay,,,,404,6446,0.3256213376439685,3500,1089341.4400000004,11303,99012,16909,0.11415787985294712,128078.11680851976,399501.10021912423,935,4899,0.542972385975799,1921,1566,0.8152,0,0.0,159,70.0,148,0.7432282003710575,0.46409674981103555,3500.0,True,dense_roles,9,50,3,False,29.16,0.0,0.0,150,100,3.2294,1.7535,N3S_SHEP2D,0,0,0,0,0,0,0,0,0,0,0,0,0,0,0,0,0,0,0,0,0,0,0,0,0,0,0,0,0,0,0,0,0,0,0,0,0,0,0,0,0,0,0,0,0,0,17,34,2687,1356,673,654,17,0,0.0,0,0,0,0.0,0,0,0,0,0,1222,993,0,0,0,0,0,0,1640,0,568,312,13,0.0,0.0,0.0,"{""CLIENT_MUTE"": 709, ""ROUTER"": 695, ""CLIENT_BASE"": 2096}",17,"{""census_suppress"": 17}",10.176,0.318,0.578,5.706,5.706,2.706,0.765,1.0,0,3500.0,0.0,
ADAPTIVE_RELAY,dense_roles,8,50,600,30,3,False,LONG_FAST,6,0,5,40,False,,,relay,,,,408,6334,0.3168267306922769,3406,1305882.6240000005,9927,86821,17923,0.11433869685905483,112955.95730732872,334330.61337565084,781,5185,0.5377328702241869,1728,1306,0.7558,0,0.0,182,68.12,135,0.6070618723679948,0.4519085411942555,3500.0,True,dense_roles,8,50,3,False,25.6,0.0,0.0,200,100,2.9146,1.5673,N3S_SHEP2D,0,0,0,0,0,0,0,0,0,0,0,0,0,0,0,0,0,0,0,0,0,0,0,0,0,0,0,0,0,0,0,0,0,0,0,0,0,0,3,12,1,2,0,0,0,0,36,74,2758,1642,579,523,35,2,0.0,0,0,0,0.0,0,0,0,0,0,976,260,0,0,0,0,0,0,1714,0,315,332,33,0.0,0.0,0.0,"{""ROUTER"": 804, ""CLIENT_MUTE"": 610, ""CLIENT_BASE"": 1992}",36,"{""census_suppress"": 36}",14.333,0.625,0.734,7.944,7.944,4.972,1.0,0.972,0,3406.0,0.0,2
ADAPTIVE_RELAY,dense_roles,10,50,600,30,3,False,LONG_FAST,6,0,5,40,False,,,relay,,,,405,6258,0.31534391534391537,3662,1286361.0880000005,10192,96190,17396,0.1059569601829712,141013.41078004197,429914.8392096438,865,5645,0.5851709811441355,1930,1532,0.7938,0,0.0,147,73.24,138,0.7125850340136054,0.46572968810165577,3500.0,True,dense_roles,10,50,3,False,25.24,0.0,0.0,200,100,2.7832,1.6286,N3S_SHEP2D,0,0,0,0,0,0,0,0,0,0,0,0,0,0,0,0,0,0,0,0,0,0,0,0,0,0,0,0,0,0,0,0,0,0,0,0,0,0,0,0,0,0,0,0,0,0,13,27,2983,1713,679,576,13,0,0.0,0,0,0,0.0,0,0,0,0,0,1010,295,0,0,0,0,0,0,1805,0,483,321,10,0.0,0.0,0.0,"{""ROUTER"": 1439, ""CLIENT_BASE"": 1566, ""CLIENT_MUTE"": 657}",13,"{""census_suppress"": 13}",20.538,0.831,0.788,16.154,16.154,9.846,1.0,1.0,0,3662.0,0.0,
ADAPTIVE_RELAY,dense_roles,2,50,600,30,3,False,LONG_FAST,6,0,5,40,False,,,relay,,,,418,6525,0.3185724050385704,3961,1191657.4720000005,10456,113919,17166,0.09178451355787884,129832.10190365605,411654.2459763612,788,5765,0.6070498084291188,1874,1490,0.7951,0,0.0,150,79.22,144,0.7227891156462585,0.46213999618539003,3500.0,True,dense_roles,2,50,3,False,29.48,0.0,0.0,250,100,2.6397,1.6025,N3S_SHEP2D_RO,0,0,0,0,0,0,0,0,0,0,0,0,0,0,0,0,0,0,0,0,0,0,0,0,0,0,0,0,0,0,0,0,0,0,0,0,0,0,3,5,4,2,0,0,0,0,52,110,3490,551,2102,696,51,2,0.0,0,0,0,0.0,0,0,0,0,0,1221,496,0,0,0,0,0,0,1788,0,499,317,32,0.0,0.0,0.0,"{""CLIENT_BASE"": 2704, ""CLIENT_MUTE"": 506, ""ROUTER"": 751}",52,"{""census_suppress"": 52}",15.173,0.588,0.704,4.885,4.885,4.808,0.942,1.0,0,3961.0,0.0,2
ADAPTIVE_RELAY,dense_roles,1,50,600,30,3,False,LONG_FAST,6,0,5,40,False,,,relay,,,,411,6036,0.2997169670788023,4079,1450180.6080000007,12481,106722,16489,0.11694870785779876,119658.2194846948,376325.4147770379,685,6527,0.6757786613651425,1843,1402,0.7607,0,0.0,145,81.58,132,0.6544933762978876,0.4114876719918737,3500.0,True,dense_roles,1,50,3,False,26.12,0.0,0.0,200,100,3.0598,2.0678,N3S_SHEP2D_RO,0,0,0,0,0,0,0,0,0,0,0,0,0,0,0,0,0,0,0,0,0,0,0,0,0,0,0,0,0,0,0,0,0,0,0,0,0,0,4,0,3,1,0,0,0,0,82,165,3647,829,1926,704,79,1,0.0,0,0,0,0.0,0,0,0,0,0,940,691,0,0,0,0,0,0,1751,0,401,301,72,0.0,0.0,0.0,"{""CLIENT_MUTE"": 387, ""CLIENT_BASE"": 2538, ""ROUTER"": 1154}",82,"{""census_suppress"": 82}",17.012,0.702,0.757,9.841,9.841,6.378,0.988,1.0,0,4079.0,0.0,1
ADAPTIVE_RELAY,dense_roles,3,50,600,30,3,False,LONG_FAST,6,0,5,40,False,,,relay,,,,373,5959,0.3260381900749576,3619,1199396.8640000005,12629,106331,17689,0.11877063133046807,158668.8520511875,408564.8984821847,854,7292,0.6073166638697768,1817,1356,0.7463,0,0.0,136,72.38,129,0.7493734335839599,0.49791857041323995,3500.0,True,dense_roles,3,50,3,False,30.32,0.0,0.0,200,100,3.4896,2.1193,N3S_SHEP2D_RO,0,0,0,0,0,0,0,0,0,0,0,0,0,0,0,0,0,0,0,0,0,0,0,0,0,0,0,0,0,0,0,0,0,0,0,0,0,0,1,1,6,0,0,0,0,0,24,53,3196,1553,1007,627,24,0,0.0,0,0,0,0.0,0,0,0,0,0,1043,793,0,0,0,0,0,0,1768,0,463,330,12,0.0,0.0,0.0,"{""ROUTER"": 1847, ""CLIENT_MUTE"": 469, ""CLIENT_BASE"": 1303}",24,"{""census_suppress"": 24}",8.292,0.188,0.525,2.833,2.833,1.375,0.833,1.0,0,3619.0,0.0,
ADAPTIVE_RELAY,dense_roles,4,50,600,30,3,False,LONG_FAST,6,0,5,40,False,,,relay,,,,387,6285,0.33143489954121186,3941,1137008.6400000006,12715,122996,16994,0.10337734560473512,134510.4290768929,446057.1297851809,771,6324,0.6270485282418456,1883,1434,0.7616,0,0.0,152,78.82,147,0.7414965986394558,0.48063713290194127,3500.0,True,dense_roles,4,50,3,False,31.72,0.0,0.0,150,100,3.2263,2.0231,N3S_SHEP2D_RO,0,0,0,0,0,0,0,0,0,0,0,0,0,0,0,0,0,0,0,0,0,0,0,0,0,0,0,0,0,0,0,0,0,0,0,0,0,0,5,1,10,8,0,0,0,0,63,127,3556,810,1887,772,61,8,0.0,0,0,0,0.0,0,0,0,0,0,964,669,0,0,0,0,0,0,1772,0,400,314,46,0.0,0.0,0.0,"{""CLIENT_BASE"": 2501, ""CLIENT_MUTE"": 371, ""ROUTER"": 1069}",63,"{""census_suppress"": 63}",15.81,0.857,0.74,8.0,8.0,6.254,0.905,0.905,0,3941.0,0.0,8
ADAPTIVE_RELAY,dense_roles,5,50,600,30,3,False,LONG_FAST,6,0,5,40,False,,,relay,,,,353,6334,0.36619066890212176,3517,1255088.1280000005,14091,104648,17113,0.13465140279795124,133422.93319832717,371750.9402065767,797,5426,0.5552573413324913,1966,1594,0.8108,0,0.0,139,70.34,136,0.7376623376623377,0.5365032610982537,3500.0,True,dense_roles,5,50,3,False,30.12,0.0,0.0,200,100,4.0065,2.2247,N3S_SHEP2D_RO,0,0,0,0,0,0,0,0,0,0,0,0,0,0,0,0,0,0,0,0,0,0,0,0,0,0,0,0,0,0,0,0,0,0,0,0,0,0,0,0,0,0,0,0,0,0,20,42,2747,688,1558,484,19,0,0.0,0,0,0,0.0,0,0,0,0,0,1005,816,0,0,0,0,0,0,1818,0,336,317,14,0.0,0.0,0.0,"{""CLIENT_MUTE"": 613, ""ROUTER"": 961, ""CLIENT_BASE"": 1943}",20,"{""census_suppress"": 20}",12.55,0.54,0.684,7.75,7.75,4.0,0.9,1.0,0,3517.0,0.0,
ADAPTIVE_RELAY,dense_roles,6,50,600,30,3,False,LONG_FAST,6,0,5,40,False,,,relay,,,,375,6328,0.3443809523809524,3318,1224857.6000000006,14309,105372,16610,0.13579508787913297,138721.93364103607,441705.06814422255,744,5076,0.5243362831858407,1763,1248,0.7079,0,0.0,155,66.36,139,0.6647230320699709,0.49135826579435604,3500.0,True,dense_roles,6,50,3,False,31.96,0.0,0.0,200,100,4.3125,2.2612,N3S_SHEP2D_RO,0,0,0,0,0,0,0,0,0,0,0,0,0,0,0,0,0,0,0,0,0,0,0,0,0,0,0,0,0,0,0,0,0,0,0,0,0,0,0,0,0,0,0,0,0,0,13,26,2548,1176,970,375,12,0,0.0,0,0,0,0.0,0,0,0,0,0,972,446,0,0,0,0,0,0,1686,0,394,306,8,0.0,0.0,0.0,"{""CLIENT_BASE"": 1205, ""CLIENT_MUTE"": 625, ""ROUTER"": 1488}",13,"{""census_suppress"": 13}",11.308,0.346,0.663,5.0,5.0,2.615,1.0,1.0,0,3318.0,0.0,
ADAPTIVE_RELAY,dense_roles,8,50,600,30,3,False,LONG_FAST,6,0,5,40,False,,,relay,,,,415,6585,0.3238259159085321,3564,1290846.2080000006,9977,90833,17734,0.10983893518875298,108361.85466455434,359067.8006723001,751,4756,0.5412300683371298,1739,1354,0.7786,0,0.0,193,71.28,145,0.539795918367347,0.43730465159036586,3500.0,True,dense_roles,8,50,3,False,25.6,0.0,0.0,200,100,2.7994,1.5151,N3S_SHEP2D_RO,0,0,0,0,0,0,0,0,0,0,0,0,0,0,0,0,0,0,0,0,0,0,0,0,0,0,0,0,0,0,0,0,0,0,0,0,0,0,8,6,2,1,0,0,0,0,60,121,2900,620,1628,587,51,1,0.0,0,0,0,0.0,0,0,0,0,0,973,238,0,0,0,0,0,0,1599,0,301,328,46,0.0,0.0,0.0,"{""ROUTER"": 854, ""CLIENT_MUTE"": 578, ""CLIENT_BASE"": 2132}",60,"{""census_suppress"": 60}",14.583,0.57,0.719,5.267,5.267,3.417,0.95,0.967,0,3564.0,0.0,1
ADAPTIVE_RELAY,dense_roles,7,50,600,30,3,False,LONG_FAST,6,0,5,40,False,,,relay,,,,377,6209,0.3361121636983706,3706,1264470.0160000005,11967,106091,17762,0.11279938920360823,119700.09263204897,411661.795513478,712,6240,0.5968755033016588,1761,1304,0.7405,0,0.0,147,74.12,142,0.6252638986629134,0.4530612244897959,3500.0,True,dense_roles,7,50,3,False,28.52,0.0,0.0,200,100,3.2291,1.9274,N3S_SHEP2D_RO,0,0,0,0,0,0,0,0,0,0,0,0,0,0,0,0,0,0,0,0,0,0,0,0,0,0,0,0,0,0,0,0,0,0,0,0,0,0,2,0,0,0,0,0,0,0,32,65,3220,1250,1334,543,30,0,0.0,0,0,0,0.0,0,0,0,0,0,901,390,0,0,0,0,0,0,1656,0,355,329,26,0.0,0.0,0.0,"{""CLIENT_MUTE"": 480, ""ROUTER"": 1565, ""CLIENT_BASE"": 1661}",32,"{""census_suppress"": 32}",14.625,0.731,0.749,5.375,5.375,4.062,0.938,0.969,0,3706.0,0.0,
MANAGED_FLOOD,mixed30,1,30,600,30,3,False,LONG_FAST,6,0,5,40,False,,,relay,,,,397,3035,0.2636150438634587,1774,1686654.976000001,1455,9128,6864,0.15939964943032428,25414.645519324484,95069.21087435225,239,2350,0.5845140032948929,412,370,0.8981,0,0.0,123,59.13333333333333,117,0.32272325375773653,0.2836990595611285,,True,mixed30,1,30,3,False,4.93,0.0,0.0,210,60,0.8202,0.4794,MF,,,,,,,,,,,,,,,,,,,,,,,,,,,,,,,,,,,,,,,,,,,,,,,,,,,,,,,,,,,,,,,,,,,,,,,,,,,,,,,,,,,,,,,,,,,,,,,
MANAGED_FLOOD,mixed30,2,30,600,30,3,False,LONG_FAST,6,0,5,40,False,,,relay,,,,334,3164,0.3266570307660541,2149,1370798.0800000005,3303,19688,7150,0.16776716781796017,86052.43201946528,311801.49206370953,476,2386,0.6792035398230089,588,516,0.8776,0,0.0,135,71.63333333333334,131,0.5377446411929171,0.42640394088669953,,True,mixed30,2,30,3,False,8.33,0.0,0.0,180,60,1.537,1.0439,MF,,,,,,,,,,,,,,,,,,,,,,,,,,,,,,,,,,,,,,,,,,,,,,,,,,,,,,,,,,,,,,,,,,,,,,,,,,,,,,,,,,,,,,,,,,,,,,,
MANAGED_FLOOD,mixed30,3,30,600,30,3,False,LONG_FAST,6,0,5,40,False,,,relay,,,,340,3096,0.3139959432048682,2207,1885759.4880000008,3687,14734,7261,0.2502375458124067,63911.2521633151,238428.95900096477,387,2602,0.7128552971576227,587,518,0.8825,0,0.0,119,73.56666666666666,115,0.45181255526083114,0.38862465319064604,,True,mixed30,3,30,3,False,7.33,0.0,0.0,210,60,1.6706,1.1909,MF,,,,,,,,,,,,,,,,,,,,,,,,,,,,,,,,,,,,,,,,,,,,,,,,,,,,,,,,,,,,,,,,,,,,,,,,,,,,,,,,,,,,,,,,,,,,,,,
MANAGED_FLOOD,mixed30,4,30,600,30,3,False,LONG_FAST,6,0,5,40,False,,,relay,,,,354,2984,0.2906682252094292,1940,1651212.2880000009,2886,12262,6290,0.23536127874734952,53448.73105615894,242513.2494480723,432,1733,0.6501340482573726,533,476,0.8931,0,0.0,129,64.66666666666667,124,0.4044734389561976,0.3483343074225599,,True,mixed30,4,30,3,False,6.0,0.0,0.0,210,60,1.4876,0.9672,MF,,,,,,,,,,,,,,,,,,,,,,,,,,,,,,,,,,,,,,,,,,,,,,,,,,,,,,,,,,,,,,,,,,,,,,,,,,,,,,,,,,,,,,,,,,,,,,,
ADAPTIVE_RELAY,dense_roles,9,50,600,30,3,False,LONG_FAST,6,0,5,40,False,,,relay,,,,401,6481,0.3298386686345361,3430,1079959.5520000004,11138,96944,16728,0.11489107113385047,136351.73934795495,407550.83143991657,914,4740,0.529239314920537,1940,1598,0.8237,0,0.0,162,68.6,147,0.6938775510204082,0.48940719144800776,3500.0,True,dense_roles,9,50,3,False,29.16,0.0,0.0,200,100,3.2472,1.7186,N3S_SHEP2D_RO,0,0,0,0,0,0,0,0,0,0,0,0,0,0,0,0,0,0,0,0,0,0,0,0,0,0,0,0,0,0,0,0,0,0,0,0,0,0,0,0,0,0,0,0,0,0,16,32,2723,442,1629,645,16,0,0.0,0,0,0,0.0,0,0,0,0,0,1178,824,0,0,0,0,0,0,1687,0,537,309,13,0.0,0.0,0.0,"{""CLIENT_MUTE"": 687, ""ROUTER"": 691, ""CLIENT_BASE"": 2052}",16,"{""census_suppress"": 16}",11.75,0.338,0.594,6.062,6.062,2.562,0.875,1.0,0,3430.0,0.0,
MANAGED_FLOOD,mixed30,5,30,600,30,3,False,LONG_FAST,6,0,5,40,False,,,relay,,,,350,3356,0.33064039408866996,1691,1462532.0960000006,2724,13180,7929,0.20667678300455236,43732.67031662399,204541.93652712856,397,1575,0.5038736591179976,489,432,0.8834,0,0.0,123,56.36666666666667,120,0.40344827586206894,0.3758620689655172,,True,mixed30,5,30,3,False,8.0,0.0,0.0,180,60,1.6109,0.8117,MF,,,,,,,,,,,,,,,,,,,,,,,,,,,,,,,,,,,,,,,,,,,,,,,,,,,,,,,,,,,,,,,,,,,,,,,,,,,,,,,,,,,,,,,,,,,,,,,
ADAPTIVE_RELAY,dense_roles,10,50,600,30,3,False,LONG_FAST,6,0,5,40,False,,,relay,,,,408,6282,0.31422569027611047,3637,1276979.2000000007,9942,95769,17181,0.10381229834288758,120469.1364607827,401646.11235319125,826,5191,0.5789557465775231,1818,1396,0.7679,0,0.0,147,72.74,138,0.6773399014778325,0.4410796576695194,3500.0,True,dense_roles,10,50,3,False,25.24,0.0,0.0,200,100,2.7336,1.5826,N3S_SHEP2D_RO,0,0,0,0,0,0,0,0,0,0,0,0,0,0,0,0,0,0,0,0,0,0,0,0,0,0,0,0,0,0,0,0,0,0,0,0,0,0,0,0,0,0,0,0,0,0,38,81,3167,1200,1280,554,28,0,0.0,0,0,0,0.0,0,0,0,0,0,1053,318,0,0,0,0,0,0,1752,0,413,317,15,0.0,0.0,0.0,"{""ROUTER"": 1437, ""CLIENT_BASE"": 1574, ""CLIENT_MUTE"": 626}",38,"{""census_suppress"": 38}",14.421,0.971,0.74,7.026,7.026,3.658,0.895,0.789,0,3637.0,0.0,
MANAGED_FLOOD,mixed30,6,30,600,30,3,False,LONG_FAST,6,0,5,40,False,,,relay,,,,356,3239,0.3137349864393646,2065,1791940.608000001,2796,12886,7683,0.21697966785658854,36507.983252954815,154038.84921800124,373,2220,0.6375424513738809,493,416,0.8438,0,0.0,171,68.83333333333333,131,0.4101633393829401,0.35216012683313513,,True,mixed30,6,30,3,False,6.33,0.0,0.0,210,60,1.354,0.8632,MF,,,,,,,,,,,,,,,,,,,,,,,,,,,,,,,,,,,,,,,,,,,,,,,,,,,,,,,,,,,,,,,,,,,,,,,,,,,,,,,,,,,,,,,,,,,,,,,
MANAGED_FLOOD,mixed30,7,30,600,30,3,False,LONG_FAST,6,0,5,40,False,,,relay,,,,374,3154,0.29079845104185875,1919,1926414.336000001,3066,9919,6399,0.30910374029640086,30972.823248863253,98985.87457680755,268,1764,0.608433734939759,542,490,0.9041,0,0.0,127,63.96666666666667,124,0.30529857022708157,0.3008754690012507,,True,mixed30,7,30,3,False,5.27,0.0,0.0,210,60,1.5977,0.9721,MF,,,,,,,,,,,,,,,,,,,,,,,,,,,,,,,,,,,,,,,,,,,,,,,,,,,,,,,,,,,,,,,,,,,,,,,,,,,,,,,,,,,,,,,,,,,,,,,
MANAGED_FLOOD,mixed30,8,30,600,30,3,False,LONG_FAST,6,0,5,40,False,,,relay,,,,408,2369,0.20021974306964166,1300,1348907.0080000006,862,5554,4646,0.15520345696795101,8098.196469614132,26396.345397628393,230,715,0.5487547488391726,280,254,0.9071,0,0.0,108,43.333333333333336,107,0.20862068965517241,0.1965022273552219,,True,mixed30,8,30,3,False,4.4,0.0,0.0,210,60,0.6631,0.3639,MF,,,,,,,,,,,,,,,,,,,,,,,,,,,,,,,,,,,,,,,,,,,,,,,,,,,,,,,,,,,,,,,,,,,,,,,,,,,,,,,,,,,,,,,,,,,,,,,
MANAGED_FLOOD,mixed30,9,30,600,30,3,False,LONG_FAST,6,0,5,40,False,,,relay,,,,365,2896,0.27359470949456777,1452,1456277.5040000007,1842,7344,5323,0.2508169934640523,19428.335606196804,51190.943910954666,469,493,0.5013812154696132,447,406,0.9083,0,0.0,121,48.4,113,0.3157894736842105,0.28514588859416445,,True,mixed30,9,30,3,False,5.4,0.0,0.0,180,60,1.2686,0.636,MF,,,,,,,,,,,,,,,,,,,,,,,,,,,,,,,,,,,,,,,,,,,,,,,,,,,,,,,,,,,,,,,,,,,,,,,,,,,,,,,,,,,,,,,,,,,,,,,
MANAGED_FLOOD,mixed30,10,30,600,30,3,False,LONG_FAST,6,0,5,40,False,,,relay,,,,396,3023,0.26323580633925464,1720,1451065.3440000007,1468,10499,6269,0.13982284027050196,33638.4602013253,224778.6078809568,245,1553,0.5689712206417467,440,364,0.8273,0,0.0,153,57.333333333333336,130,0.3058076225045372,0.30054262208997023,,True,mixed30,10,30,3,False,5.67,0.0,0.0,180,60,0.8535,0.4856,MF,,,,,,,,,,,,,,,,,,,,,,,,,,,,,,,,,,,,,,,,,,,,,,,,,,,,,,,,,,,,,,,,,,,,,,,,,,,,,,,,,,,,,,,,,,,,,,,
ADAPTIVE_RELAY,mixed30,1,30,600,30,3,False,LONG_FAST,6,0,5,40,False,,,relay,,,,391,3184,0.28080077608254694,1701,1659990.0160000008,1417,8866,6928,0.1598240469208211,23331.86744211033,76410.36486992161,235,2021,0.5342336683417085,414,388,0.9372,0,0.0,119,56.7,109,0.2809083263246426,0.2789655172413793,,True,mixed30,1,30,3,False,4.93,0.0,0.0,210,60,0.833,0.445,N3S_SHEP2D,0,0,0,0,0,0,0,0,0,0,0,0,0,0,0,0,0,0,0,0,0,0,0,0,0,0,0,0,0,0,0,0,0,0,0,0,0,0,33,36,80,73,0,0,0,0,110,226,1762,563,580,506,110,73,0.0,0,0,0,0.0,0,0,0,0,0,188,189,0,0,0,0,0,0,434,0,80,114,63,0.0,0.0,0.0,"{""CLIENT_MUTE"": 230, ""CLIENT_BASE"": 683, ""ROUTER"": 788}",110,"{""census_suppress"": 110}",5.573,1.775,0.805,1.373,1.373,1.627,0.7,0.591,0,1701.0,0.0,73
ADAPTIVE_RELAY,mixed30,2,30,600,30,3,False,LONG_FAST,6,0,5,40,False,,,relay,,,,338,3211,0.3275862068965517,2126,1386434.5600000008,3414,19398,7064,0.17599752551809464,82864.52395741387,332134.76819691306,486,2245,0.6620990345686701,591,522,0.8832,0,0.0,144,70.86666666666666,134,0.5153256704980843,0.42172017439556087,,True,mixed30,2,30,3,False,8.33,0.0,0.0,180,60,1.6058,1.0632,N3S_SHEP2D,0,0,0,0,0,0,0,0,0,0,0,0,0,0,0,0,0,0,0,0,0,0,0,0,0,0,0,0,0,0,0,0,0,0,0,0,0,0,0,0,0,0,0,0,0,0,11,22,1844,724,498,613,11,0,0.0,0,0,0,0.0,0,0,0,0,0,312,390,0,0,0,0,0,0,614,0,170,124,11,0.0,0.0,0.0,"{""CLIENT_BASE"": 1586, ""CLIENT_MUTE"": 301, ""ROUTER"": 239}",11,"{""census_suppress"": 11}",10.364,0.736,0.82,2.636,2.636,4.455,0.727,1.0,0,2126.0,0.0,
ADAPTIVE_RELAY,mixed30,4,30,600,30,3,False,LONG_FAST,6,0,5,40,False,,,relay,,,,354,2974,0.28969413598285604,1921,1609830.4000000008,2670,12137,6230,0.21998846502430583,51794.30874617983,241942.05006299404,449,1665,0.6459314055144586,526,444,0.8441,0,0.0,128,64.03333333333333,124,0.367513611615245,0.3494929006085193,,True,mixed30,4,30,3,False,6.0,0.0,0.0,210,60,1.3899,0.8978,N3S_SHEP2D,0,0,0,0,0,0,0,0,0,0,0,0,0,0,0,0,0,0,0,0,0,0,0,0,0,0,0,0,0,0,0,0,0,0,0,0,0,0,6,4,4,2,0,0,0,0,18,36,1419,370,426,616,18,2,0.0,0,0,0,0.0,0,0,0,0,0,232,285,0,0,0,0,0,0,535,0,119,108,16,0.0,0.0,0.0,"{""CLIENT_BASE"": 1182, ""CLIENT_MUTE"": 320, ""ROUTER"": 419}",18,"{""census_suppress"": 18}",6.944,1.0,0.781,3.056,3.056,2.167,0.556,0.722,0,1921.0,0.0,2
ADAPTIVE_RELAY,mixed30,3,30,600,30,3,False,LONG_FAST,6,0,5,40,False,,,relay,,,,345,3152,0.3150424787606197,2231,1879693.3120000008,3816,15088,7140,0.25291622481442205,64623.8651841217,251078.15123982585,402,2416,0.7078045685279187,573,480,0.8377,0,0.0,126,74.36666666666666,117,0.44061302681992337,0.38655956112852663,,True,mixed30,3,30,3,False,7.33,0.0,0.0,180,60,1.7104,1.2107,N3S_SHEP2D,0,0,0,0,0,0,0,0,0,0,0,0,0,0,0,0,0,0,0,0,0,0,0,0,0,0,0,0,0,0,0,0,0,0,0,0,0,0,14,6,23,6,0,0,0,0,55,110,1817,505,627,661,54,6,0.0,0,0,0,0.0,0,0,0,0,0,261,299,0,0,0,0,0,0,598,0,122,125,41,0.0,0.0,0.0,"{""ROUTER"": 1205, ""CLIENT_MUTE"": 228, ""CLIENT_BASE"": 798}",55,"{""census_suppress"": 55}",6.545,0.982,0.779,1.691,1.691,2.291,0.545,0.836,0,2231.0,0.0,6
ADAPTIVE_RELAY,mixed30,5,30,600,30,3,False,LONG_FAST,6,0,5,40,False,,,relay,,,,337,3206,0.3280466591630001,1720,1487708.1600000006,3072,13447,7708,0.2284524429240723,47170.32645654039,170381.41230622533,472,1435,0.5364940736119775,487,438,0.8994,0,0.0,130,57.333333333333336,116,0.42684063373718545,0.38282056576502166,,True,mixed30,5,30,3,False,8.0,0.0,0.0,180,60,1.786,0.9582,N3S_SHEP2D,0,0,0,0,0,0,0,0,0,0,0,0,0,0,0,0,0,0,0,0,0,0,0,0,0,0,0,0,0,0,0,0,0,0,0,0,0,0,2,1,5,2,0,0,0,0,13,26,1261,455,283,516,12,2,0.0,0,0,0,0.0,0,0,0,0,0,296,270,0,0,0,0,0,0,497,0,119,126,12,0.0,0.0,0.0,"{""CLIENT_MUTE"": 398, ""ROUTER"": 542, ""CLIENT_BASE"": 780}",13,"{""census_suppress"": 13}",9.154,1.592,0.83,2.308,2.308,2.846,0.615,0.538,0,1720.0,0.0,2
ADAPTIVE_RELAY,mixed30,8,30,600,30,3,False,LONG_FAST,6,0,5,40,False,,,relay,,,,403,2457,0.21023359288097887,1333,1382010.8800000006,960,5831,4845,0.1646372834848225,10196.494632130582,28107.3385371943,267,653,0.5425315425315426,282,242,0.8582,0,0.0,101,44.43333333333333,96,0.20344827586206896,0.20620689655172414,,True,mixed30,8,30,3,False,4.4,0.0,0.0,210,60,0.7202,0.3907,N3S_SHEP2D,0,0,0,0,0,0,0,0,0,0,0,0,0,0,0,0,0,0,0,0,0,0,0,0,0,0,0,0,0,0,0,0,0,0,0,0,0,0,11,9,10,12,0,0,0,0,35,71,930,269,302,334,35,12,0.0,0,0,0,0.0,0,0,0,0,0,171,123,0,0,0,0,0,0,279,0,100,71,25,0.0,0.0,0.0,"{""ROUTER"": 378, ""CLIENT_MUTE"": 391, ""CLIENT_BASE"": 564}",35,"{""census_suppress"": 35}",5.543,0.746,0.824,0.114,0.114,1.886,0.114,0.914,0,1333.0,0.0,12
ADAPTIVE_RELAY,mixed30,6,30,600,30,3,False,LONG_FAST,6,0,5,40,False,,,relay,,,,344,3299,0.3306936647955092,1993,1741365.2480000008,2497,12582,7815,0.19845811476712763,37210.20696649515,128889.09997322568,404,2109,0.6041224613519248,552,494,0.8949,0,0.0,170,66.43333333333334,126,0.4355716878402904,0.3666061705989111,,True,mixed30,6,30,3,False,6.33,0.0,0.0,180,60,1.2529,0.7569,N3S_SHEP2D,0,0,0,0,0,0,0,0,0,0,0,0,0,0,0,0,0,0,0,0,0,0,0,0,0,0,0,0,0,0,0,0,0,0,0,0,0,0,16,14,33,18,0,0,0,0,65,137,1616,500,481,598,65,18,0.0,0,0,0,0.0,0,0,0,0,0,240,175,0,0,0,0,0,0,557,0,104,139,43,0.0,0.0,0.0,"{""CLIENT_BASE"": 594, ""CLIENT_MUTE"": 344, ""ROUTER"": 1055}",65,"{""census_suppress"": 65}",6.985,0.872,0.77,3.031,3.031,2.185,0.785,0.923,0,1993.0,0.0,18
ADAPTIVE_RELAY,mixed30,7,30,600,30,3,False,LONG_FAST,6,0,5,40,False,,,relay,,,,375,3149,0.2895632183908046,1901,1878839.296000001,2996,9881,6313,0.3032081773099889,28247.997464620505,101582.50823759908,302,1607,0.6036837091140045,546,466,0.8535,0,0.0,127,63.36666666666667,118,0.3010933557611438,0.2990330231709542,,True,mixed30,7,30,3,False,5.27,0.0,0.0,210,60,1.576,0.9514,N3S_SHEP2D,0,0,0,0,0,0,0,0,0,0,0,0,0,0,0,0,0,0,0,0,0,0,0,0,0,0,0,0,0,0,0,0,0,0,0,0,0,0,20,18,7,15,0,0,0,0,56,113,1426,357,416,627,56,15,0.0,0,0,0,0.0,0,0,0,0,0,194,253,0,0,0,0,0,0,571,0,100,107,47,0.0,0.0,0.0,"{""CLIENT_MUTE"": 300, ""ROUTER"": 1042, ""CLIENT_BASE"": 559}",56,"{""census_suppress"": 56}",5.518,0.659,0.778,2.0,2.0,2.25,0.482,0.893,0,1901.0,0.0,15
ADAPTIVE_RELAY,mixed30,9,30,600,30,3,False,LONG_FAST,6,0,5,40,False,,,relay,,,,361,2810,0.2684115006208807,1409,1441398.7840000007,1835,7191,5257,0.2551800862188847,16048.31315820864,41047.35713040511,462,427,0.501423487544484,427,372,0.8712,0,0.0,120,46.96666666666667,106,0.2896551724137931,0.26813642359148293,,True,mixed30,9,30,3,False,5.4,0.0,0.0,210,60,1.3023,0.653,N3S_SHEP2D,0,0,0,0,0,0,0,0,0,0,0,0,0,0,0,0,0,0,0,0,0,0,0,0,0,0,0,0,0,0,0,0,0,0,0,0,0,0,3,2,0,0,0,0,0,0,8,16,730,185,122,419,8,0,0.0,0,0,0,0.0,0,0,0,0,0,219,169,0,0,0,0,0,0,432,0,105,86,7,0.0,0.0,0.0,"{""CLIENT_MUTE"": 532, ""ROUTER"": 120, ""CLIENT_BASE"": 757}",8,"{""census_suppress"": 8}",6.75,0.562,0.734,2.0,2.0,1.875,0.375,1.0,0,1409.0,0.0,
ADAPTIVE_RELAY,mixed30,10,30,600,30,3,False,LONG_FAST,6,0,5,40,False,,,relay,,,,392,3061,0.2692646023926812,1754,1455327.2320000005,1521,10842,6297,0.14028776978417265,36369.06337321554,224144.42039958417,289,1410,0.573015354459327,425,370,0.8706,0,0.0,168,58.46666666666667,127,0.3232758620689655,0.29790259509420547,,True,mixed30,10,30,3,False,5.67,0.0,0.0,180,60,0.8672,0.4969,N3S_SHEP2D,0,0,0,0,0,0,0,0,0,0,0,0,0,0,0,0,0,0,0,0,0,0,0,0,0,0,0,0,0,0,0,0,0,0,0,0,0,0,22,16,33,33,0,0,0,0,57,116,1444,573,258,551,57,33,0.0,0,0,0,0.0,0,0,0,0,0,227,193,0,0,0,0,0,0,450,0,100,107,42,0.0,0.0,0.0,"{""ROUTER"": 789, ""CLIENT_BASE"": 602, ""CLIENT_MUTE"": 363}",57,"{""census_suppress"": 57}",6.526,0.979,0.83,1.912,1.912,2.509,0.632,0.702,0,1754.0,0.0,33
ADAPTIVE_RELAY,mixed30,1,30,600,30,3,False,LONG_FAST,6,0,5,40,False,,,relay,,,,392,3159,0.2778852920478536,1758,1659893.7600000007,1385,9108,6918,0.1520641194554238,30108.910714633526,141208.8559826617,257,1877,0.5565052231718899,404,376,0.9307,0,0.0,116,58.6,111,0.28879310344827586,0.29091545597759494,,True,mixed30,1,30,3,False,4.93,0.0,0.0,180,60,0.7878,0.4384,N3S_SHEP2D_RO,0,0,0,0,0,0,0,0,0,0,0,0,0,0,0,0,0,0,0,0,0,0,0,0,0,0,0,0,0,0,0,0,0,0,0,0,0,0,48,35,109,90,0,0,0,0,128,266,1816,519,606,500,128,90,0.0,0,0,0,0.0,0,0,0,0,0,191,214,0,0,0,0,0,0,419,0,91,111,79,0.0,0.0,0.0,"{""CLIENT_MUTE"": 236, ""CLIENT_BASE"": 709, ""ROUTER"": 813}",128,"{""census_suppress"": 128}",5.586,1.195,0.834,1.281,1.281,1.844,0.711,0.656,0,1758.0,0.0,90
ADAPTIVE_RELAY,mixed30,2,30,600,30,3,False,LONG_FAST,6,0,5,40,False,,,relay,,,,340,3172,0.32170385395537526,2094,1379737.6000000006,3412,19155,7068,0.1781258157139128,89107.31305629788,331714.9177698586,481,2182,0.6601513240857503,616,554,0.8994,0,0.0,136,69.8,126,0.5137931034482759,0.4205700617899143,,True,mixed30,2,30,3,False,8.33,0.0,0.0,180,60,1.6294,1.0757,N3S_SHEP2D_RO,0,0,0,0,0,0,0,0,0,0,0,0,0,0,0,0,0,0,0,0,0,0,0,0,0,0,0,0,0,0,0,0,0,0,0,0,0,0,6,2,0,1,0,0,0,0,16,32,1835,104,1091,597,15,1,0.0,0,0,0,0.0,0,0,0,0,0,309,380,0,0,0,0,0,0,633,0,197,128,16,0.0,0.0,0.0,"{""CLIENT_BASE"": 1559, ""CLIENT_MUTE"": 304, ""ROUTER"": 231}",16,"{""census_suppress"": 16}",10.062,0.506,0.707,2.875,2.875,4.625,0.875,1.0,0,2094.0,0.0,1
ADAPTIVE_RELAY,mixed30,4,30,600,30,3,False,LONG_FAST,6,0,5,40,False,,,relay,,,,354,2938,0.28618741476719267,1884,1601806.3360000008,2775,11879,6090,0.2336055223503662,43559.16864861827,225380.18068381748,441,1535,0.6412525527569776,555,514,0.9261,0,0.0,127,62.8,121,0.39701770736253494,0.33793103448275863,,True,mixed30,4,30,3,False,6.0,0.0,0.0,180,60,1.4729,0.9445,N3S_SHEP2D_RO,0,0,0,0,0,0,0,0,0,0,0,0,0,0,0,0,0,0,0,0,0,0,0,0,0,0,0,0,0,0,0,0,0,0,0,0,0,0,14,2,7,6,0,0,0,0,36,72,1404,201,574,607,36,6,0.0,0,0,0,0.0,0,0,0,0,0,232,278,0,0,0,0,0,0,554,0,126,106,31,0.0,0.0,0.0,"{""CLIENT_BASE"": 1153, ""CLIENT_MUTE"": 323, ""ROUTER"": 408}",36,"{""census_suppress"": 36}",6.917,0.825,0.762,3.028,3.028,2.556,0.583,0.778,0,1884.0,0.0,6
ADAPTIVE_RELAY,mixed30,3,30,600,30,3,False,LONG_FAST,6,0,5,40,False,,,relay,,,,343,3124,0.31406454207298684,2201,1863329.7920000008,3889,14688,7025,0.2647739651416122,55890.53451801369,219013.37050709676,390,2279,0.7045454545454546,571,498,0.8722,0,0.0,127,73.36666666666666,118,0.40583554376657827,0.3619704433497537,,True,mixed30,3,30,3,False,7.33,0.0,0.0,210,60,1.7669,1.2449,N3S_SHEP2D_RO,0,0,0,0,0,0,0,0,0,0,0,0,0,0,0,0,0,0,0,0,0,0,0,0,0,0,0,0,0,0,0,0,0,0,0,0,0,0,22,20,19,14,0,0,0,0,74,152,1760,652,400,679,74,14,0.0,0,0,0,0.0,0,0,0,0,0,260,322,0,0,0,0,0,0,592,0,121,125,49,0.0,0.0,0.0,"{""ROUTER"": 1140, ""CLIENT_MUTE"": 221, ""CLIENT_BASE"": 840}",74,"{""census_suppress"": 74}",6.419,1.07,0.747,1.77,1.77,1.946,0.676,0.77,0,2201.0,0.0,14
ADAPTIVE_RELAY,mixed30,5,30,600,30,3,False,LONG_FAST,6,0,5,40,False,,,relay,,,,336,3223,0.33076765188834156,1718,1497405.4400000006,3059,13399,7946,0.22830061944921262,47472.384336555646,187054.05749736915,467,1606,0.5330437480608129,487,430,0.883,0,0.0,126,57.266666666666666,115,0.41379310344827586,0.39285714285714285,,True,mixed30,5,30,3,False,8.0,0.0,0.0,180,60,1.7806,0.9491,N3S_SHEP2D_RO,0,0,0,0,0,0,0,0,0,0,0,0,0,0,0,0,0,0,0,0,0,0,0,0,0,0,0,0,0,0,0,0,0,0,0,0,0,0,6,1,7,7,0,0,0,0,29,59,1259,336,401,508,29,7,0.0,0,0,0,0.0,0,0,0,0,0,303,286,0,0,0,0,0,0,499,0,118,128,14,0.0,0.0,0.0,"{""CLIENT_MUTE"": 387, ""ROUTER"": 542, ""CLIENT_BASE"": 789}",29,"{""census_suppress"": 29}",7.897,1.272,0.784,1.069,1.069,1.448,0.414,0.517,0,1718.0,0.0,7
ADAPTIVE_RELAY,mixed30,8,30,600,30,3,False,LONG_FAST,6,0,5,40,False,,,relay,,,,407,2401,0.2034228585952724,1296,1336932.3520000007,902,5595,4659,0.1612153708668454,8678.724064073793,26494.671999999962,247,544,0.5397750937109538,265,238,0.8981,0,0.0,103,43.2,96,0.20086206896551725,0.20054897924172244,,True,mixed30,8,30,3,False,4.4,0.0,0.0,210,60,0.696,0.3757,N3S_SHEP2D_RO,0,0,0,0,0,0,0,0,0,0,0,0,0,0,0,0,0,0,0,0,0,0,0,0,0,0,0,0,0,0,0,0,0,0,0,0,0,0,20,12,26,26,0,0,0,0,49,101,945,201,352,318,49,26,0.0,0,0,0,0.0,0,0,0,0,0,177,119,0,0,0,0,0,0,260,0,108,63,39,0.0,0.0,0.0,"{""ROUTER"": 380, ""CLIENT_MUTE"": 389, ""CLIENT_BASE"": 527}",49,"{""census_suppress"": 49}",5.449,0.937,0.811,0.061,0.061,1.755,0.061,0.673,0,1296.0,0.0,26
ADAPTIVE_RELAY,mixed30,6,30,600,30,3,False,LONG_FAST,6,0,5,40,False,,,relay,,,,358,3342,0.32190329416297436,2008,1752008.7040000008,2486,12599,7851,0.19731724740058734,35001.67404302236,94216.49162974663,395,1974,0.6008378216636745,498,436,0.8755,0,0.0,164,66.93333333333334,125,0.41658900279589933,0.34928322355676095,,True,mixed30,6,30,3,False,6.33,0.0,0.0,210,60,1.238,0.7439,N3S_SHEP2D_RO,0,0,0,0,0,0,0,0,0,0,0,0,0,0,0,0,0,0,0,0,0,0,0,0,0,0,0,0,0,0,0,0,0,0,0,0,0,0,36,26,70,61,0,0,0,0,86,180,1656,615,384,565,86,61,0.0,0,0,0,0.0,0,0,0,0,0,237,155,0,0,0,0,0,0,510,0,89,137,62,0.0,0.0,0.0,"{""CLIENT_BASE"": 623, ""CLIENT_MUTE"": 348, ""ROUTER"": 1037}",86,"{""census_suppress"": 86}",7.105,1.517,0.784,2.5,2.5,1.919,0.849,0.826,0,2008.0,0.0,61
ADAPTIVE_RELAY,mixed30,9,30,600,30,3,False,LONG_FAST,6,0,5,40,False,,,relay,,,,354,2767,0.26953048899279175,1408,1461047.2960000008,1965,7279,5261,0.26995466410221186,16265.223193197562,41273.03999999992,515,457,0.5088543548970004,427,380,0.8899,0,0.0,118,46.93333333333333,103,0.2917771883289125,0.2772413793103448,,True,mixed30,9,30,3,False,5.4,0.0,0.0,180,60,1.3956,0.7102,N3S_SHEP2D_RO,0,0,0,0,0,0,0,0,0,0,0,0,0,0,0,0,0,0,0,0,0,0,0,0,0,0,0,0,0,0,0,0,0,0,0,0,0,0,1,0,0,1,0,0,0,0,5,10,718,41,252,422,5,1,0.0,0,0,0,0.0,0,0,0,0,0,211,170,0,0,0,0,0,0,424,0,106,88,5,0.0,0.0,0.0,"{""CLIENT_MUTE"": 567, ""ROUTER"": 113, ""CLIENT_BASE"": 728}",5,"{""census_suppress"": 5}",7.6,0.54,0.795,2.6,2.6,2.8,0.6,1.0,0,1408.0,0.0,1
ADAPTIVE_RELAY,mixed30,7,30,600,30,3,False,LONG_FAST,6,0,5,40,False,,,relay,,,,375,3174,0.29186206896551725,1909,1881839.6160000009,2952,9906,6368,0.29800121138703817,29073.35603815279,95508.59199999971,302,1601,0.6014492753623188,531,464,0.8738,0,0.0,131,63.63333333333333,124,0.3129973474801061,0.30797299762817004,,True,mixed30,7,30,3,False,5.27,0.0,0.0,210,60,1.5464,0.9301,N3S_SHEP2D_RO,0,0,0,0,0,0,0,0,0,0,0,0,0,0,0,0,0,0,0,0,0,0,0,0,0,0,0,0,0,0,0,0,0,0,0,0,0,0,24,19,18,21,0,0,0,0,58,117,1433,493,257,642,58,21,0.0,0,0,0,0.0,0,0,0,0,0,201,266,0,0,0,0,0,0,556,0,101,113,42,0.0,0.0,0.0,"{""CLIENT_MUTE"": 298, ""ROUTER"": 1036, ""CLIENT_BASE"": 575}",58,"{""census_suppress"": 58}",5.345,0.838,0.774,1.276,1.276,2.172,0.431,0.741,0,1909.0,0.0,21
ADAPTIVE_RELAY,mixed30,10,30,600,30,3,False,LONG_FAST,6,0,5,40,False,,,relay,,,,385,3062,0.2742498880429915,1748,1483188.2240000006,1674,10734,6301,0.15595304639463387,36152.91404445779,195457.5139450709,312,1422,0.5708687132593077,442,372,0.8416,0,0.0,149,58.266666666666666,127,0.33756805807622503,0.30513649425287354,,True,mixed30,10,30,3,False,5.67,0.0,0.0,180,60,0.9577,0.5467,N3S_SHEP2D_RO,0,0,0,0,0,0,0,0,0,0,0,0,0,0,0,0,0,0,0,0,0,0,0,0,0,0,0,0,0,0,0,0,0,0,0,0,0,0,27,16,49,33,0,0,0,0,69,142,1442,335,496,525,69,33,0.0,0,0,0,0.0,0,0,0,0,0,232,242,0,0,0,0,0,0,463,0,109,107,42,0.0,0.0,0.0,"{""ROUTER"": 786, ""CLIENT_BASE"": 587, ""CLIENT_MUTE"": 375}",69,"{""census_suppress"": 69}",7.014,1.213,0.805,2.116,2.116,1.826,0.667,0.594,0,1748.0,0.0,33
