router,scenario,seed,nodes,simtime_s,period_s,hop_limit,dms,modem,capture_db,clock_drift_ppm,model,packet_len,movement,kill_at_s,ar_params,messages_generated,messages_delivered_pairs,reach,tx_count,tx_airtime_ms,collisions,sensed,received,collision_rate,latency_mean_ms,latency_p95_ms,retransmissions,dropped,tx_per_delivered,one_way_pairs,bidirectional_pairs,bidirectional_reach,conversations,ce_conversations_per_airtime_s,max_tx_per_node,avg_tx_per_node,p95_tx_per_node,reach_gen_first60s,reach_gen_first300s,meta_area_side,meta_scenario,meta_seed,meta_n_nodes,meta_hop_limit,meta_dms,meta_avg_neighbors_t0,tx_start_interarrival_p50_ms,tx_start_interarrival_p95_ms,simultaneous_tx_peak,tx_burst_size_p95,collision_per_tx,collision_per_delivered,adaptive_primary_selected,adaptive_primary_success,adaptive_primary_failure,adaptive_backup1_triggered,adaptive_backup1_success,adaptive_backup2_triggered,adaptive_backup2_success,adaptive_mini_flood_triggered,adaptive_mpr_forward,adaptive_suppressed_forward,adaptive_route_switches,adaptive_primary_flaps,adaptive_sector_candidates,adaptive_sector_primary_selected,adaptive_unique_coverage_preserved,adaptive_cross_sector_suppression,adaptive_same_sector_inhibition,adaptive_segment_fallback,adaptive_confidence_low_time_ms,adaptive_gossip_forwards,ar_cancel_in_air,ar_cancel_residual_empty,ar_cancel_echo,ar_covered_elsewhere,watchdog_false_failure,suppression_regret,unique_relay_suppressed,backup1_useful,backup1_redundant,backup2_useful,backup2_redundant,mini_flood_delivered,topk_evictions,mobility_recommend_mute,mobility_relay_suppressed,shepherd_msgs_tx,collect_hears,collect_ignored_scope,rescues_during_collect,rescue_budget_denied,shepherd_election_cancelled,boost_windows,boost_exits,suppressed_by_census,copies_before_suppress,copies_before_forward,n3_forward_rank0,n3_forward_rank1,n3_forward_rank2,n3_fallback_suppressed,n3_shep_rescues,n4_airtime_granted,n4_starved,neighborinfo_tx,neighborinfo_bytes,neighborinfo_airtime,neighborinfo_full_tx,neighborinfo_delta_tx,neighborinfo_delta_miss,neighborinfo_raw_bytes,neighborinfo_encoded_bytes,known_1hop,known_2hop,unique_bridge_detected,suppression_blocked_unique,suppression_blocked_low_alt,adaptive_inhibition_weak,adaptive_inhibition_medium,adaptive_inhibition_strong,known_2hop_entries,advertised_entries,functional_segments,segment_changes,frontier_suppression_regret,relay_fatigue_mean,relay_fatigue_max,topk_table_high_mean,tx_by_role,death_count,death_reasons,death_mean_local_degree,death_mean_alt_paths,death_mean_confidence,death_mean_residual_cov,death_mean_my_unique_cov,death_mean_segment_count,death_frac_unique_gt0,death_frac_alt_le1,dm_acked,tx_per_successful_hop,fallbacks_per_delivered_dm,variant,boost_observed,cef_decisions,cef_suppressed_by_cost,cef_suppressed_with_residual,boost_fail_rescue,boost_fail_busy,cef_G_mean,cef_G_p95
ADAPTIVE_RELAY,dense,1,50,900,10,3,False,LONG_FAST,6,0,5,40,False,,,827,8080,0.19939293734422428,9137,1779431.4240000008,13957,241232,22709,0.057857166545068645,311708.5916232333,684776.1665091483,2358,13436,1.1308168316831684,2279,2142,0.9399,0,0.0,216,182.74,201,0.8037676609105181,0.4680643588493418,3500.0,dense,1,50,3,False,26.12,0.0,0.0,200,100,1.5275,1.7274,0,0,0,0,0,0,0,0,0,0,0,0,0,0,0,0,0,0,0,0,0,0,0,0,0,0,0,0,0,0,0,0,0,0,0,0,0,0,0,0,0,0,0,13,26,8235,3834,2172,2229,13,0,0.0,0,0,0,0.0,0,0,0,0,0,1212,511,0,0,0,0,0,0,2061,0,897,431,5,0.0,0.0,0.0,"{""CLIENT"": 9137}",13,"{""census_suppress"": 13}",5.615,0.069,0.442,4.846,4.846,1.077,0.538,1.0,0,9137.0,0.0,N3S_SHEP2D,,,,,,,,
ADAPTIVE_RELAY,dense,2,50,900,10,3,False,LONG_FAST,6,0,5,40,False,,,779,7964,0.20864006706662125,8914,1733564.4160000007,15762,264804,22567,0.05952327004123805,312781.6921996461,699087.9753648014,2196,13373,1.1192867905575088,2323,2210,0.9514,0,0.0,211,178.28,198,0.8361976369495167,0.4993737567229058,3500.0,dense,2,50,3,False,29.48,0.0,0.0,200,100,1.7682,1.9792,0,0,0,0,0,0,0,0,0,0,0,0,0,0,0,0,0,0,0,0,0,0,0,0,0,0,0,0,0,0,0,0,0,0,0,0,0,0,0,0,0,0,0,2,4,8126,3982,2083,2060,2,0,0.0,0,0,0,0.0,0,0,0,0,0,1339,414,0,0,0,0,0,0,2056,0,1041,432,2,0.0,0.0,0.0,"{""CLIENT"": 8914}",2,"{""census_suppress"": 2}",9.0,0.0,0.504,7.5,7.5,0.0,1.0,1.0,0,8914.0,0.0,N3S_SHEP2D,,,,,,,,
ADAPTIVE_RELAY,dense,3,50,900,10,3,False,LONG_FAST,6,0,5,40,False,,,797,8272,0.21181471333828386,9281,1637660.6720000007,15690,283047,22882,0.055432490010492955,313552.0126436503,689151.5282176926,2259,13512,1.121977756286267,2235,2050,0.9172,0,0.0,211,185.62,206,0.8092621664050236,0.4958764327648868,3500.0,dense,3,50,3,False,30.32,0.0,0.0,200,100,1.6906,1.8968,0,0,0,0,0,0,0,0,0,0,0,0,0,0,0,0,0,0,0,0,0,0,0,0,0,0,0,0,0,0,0,0,0,0,0,0,0,0,0,0,0,0,0,6,12,8493,3968,2411,2114,6,0,0.0,0,0,0,0.0,0,0,0,0,0,1377,576,0,0,0,0,0,0,2018,0,1051,437,6,0.0,0.0,0.0,"{""CLIENT"": 9281}",6,"{""census_suppress"": 6}",20.833,0.6,0.719,14.0,14.0,11.0,0.833,1.0,0,9281.0,0.0,N3S_SHEP2D,,,,,,,,
ADAPTIVE_RELAY,dense,4,50,900,10,3,False,LONG_FAST,6,0,5,40,False,,,822,8178,0.20303887978549084,9437,1573029.8880000007,14303,309381,23583,0.046231022590268955,316009.77445581614,700987.7059374718,2279,14037,1.1539496209342137,2267,2122,0.936,0,0.0,214,188.74,213,0.8007518796992481,0.4827610224977363,3500.0,dense,4,50,3,False,31.72,0.0,0.0,200,100,1.5156,1.749,0,0,0,0,0,0,0,0,0,0,0,0,0,0,0,0,0,0,0,0,0,0,0,0,0,0,0,0,0,0,0,0,0,0,0,0,0,0,0,0,0,0,0,8,16,8491,4243,2031,2216,8,0,0.0,0,0,0,0.0,0,0,0,0,0,1514,899,0,0,0,0,0,0,1886,0,1076,448,5,0.0,0.0,0.0,"{""CLIENT"": 9437}",8,"{""census_suppress"": 8}",19.625,0.562,0.66,17.375,17.375,11.5,1.0,1.0,0,9437.0,0.0,N3S_SHEP2D,,,,,,,,
ADAPTIVE_RELAY,dense,5,50,900,10,3,False,LONG_FAST,6,0,5,40,False,,,790,8113,0.20958408679927668,9199,1578242.0480000007,15699,279193,22794,0.05622991980457963,325626.7533201842,708897.8687259385,2271,13439,1.1338592382595833,2357,2266,0.9614,0,0.0,210,183.98,205,0.8781101481688566,0.5052631578947369,3500.0,dense,5,50,3,False,30.12,0.0,0.0,200,100,1.7066,1.935,0,0,0,0,0,0,0,0,0,0,0,0,0,0,0,0,0,0,0,0,0,0,0,0,0,0,0,0,0,0,0,0,0,0,0,0,0,0,0,0,0,0,0,0,0,8383,3934,2375,2074,0,0,0.0,0,0,0,0.0,0,0,0,0,0,1403,434,0,0,0,0,0,0,2096,0,1190,432,,0.0,0.0,0.0,"{""CLIENT"": 9199}",,,,,,,,,,,0,9199.0,0.0,N3S_SHEP2D,,,,,,,,
ADAPTIVE_RELAY,dense,6,50,900,10,3,False,LONG_FAST,6,0,5,40,False,,,761,7946,0.21309233285955645,8942,1672060.9280000008,17256,281910,22368,0.06121102479514739,308160.030161151,686015.1938760768,2159,13384,1.1253460860810471,2306,2180,0.9454,0,0.0,201,178.84,198,0.8395303326810176,0.4875856479776026,3500.0,dense,6,50,3,False,31.96,0.0,0.0,200,100,1.9298,2.1717,0,0,0,0,0,0,0,0,0,0,0,0,0,0,0,0,0,0,0,0,0,0,0,0,0,0,0,0,0,0,0,0,0,0,0,0,0,0,0,0,0,0,0,2,4,8085,3855,2284,1946,2,0,0.0,0,0,0,0.0,0,0,0,0,0,1353,431,0,0,0,0,0,0,1914,0,988,422,2,0.0,0.0,0.0,"{""CLIENT"": 8942}",2,"{""census_suppress"": 2}",31.5,0.9,0.804,28.5,28.5,24.0,1.0,1.0,0,8942.0,0.0,N3S_SHEP2D,,,,,,,,
ADAPTIVE_RELAY,dense,8,50,900,10,3,False,LONG_FAST,6,0,5,40,False,,,832,8075,0.19807201726844584,8984,1755455.4880000008,13163,233502,22793,0.05637210816181446,309976.88262007845,696738.8445201378,2346,13765,1.1125696594427246,2161,1976,0.9144,0,0.0,219,179.68,201,0.7538103849134591,0.4651979997296932,3500.0,dense,8,50,3,False,25.6,0.0,0.0,200,100,1.4652,1.6301,0,0,0,0,0,0,0,0,0,0,0,0,0,0,0,0,0,0,0,0,0,0,0,0,0,0,0,0,0,0,0,0,0,0,0,0,0,0,0,0,0,0,0,4,8,8039,4089,1874,2076,4,0,0.0,0,0,0,0.0,0,0,0,0,0,1220,824,0,0,0,0,0,0,1961,0,870,430,4,0.0,0.0,0.0,"{""CLIENT"": 8984}",4,"{""census_suppress"": 4}",18.75,0.675,0.704,19.5,19.5,12.0,1.0,1.0,0,8984.0,0.0,N3S_SHEP2D,,,,,,,,
ADAPTIVE_RELAY,dense,7,50,900,10,3,False,LONG_FAST,6,0,5,40,False,,,814,8044,0.20167477310334453,9031,1740861.4400000009,15261,258519,22767,0.059032411544219184,314507.72919696936,692049.1500460516,2247,13661,1.1227001491795128,2259,2108,0.9332,0,0.0,204,180.62,197,0.8176691729323309,0.4786832541235672,3500.0,dense,7,50,3,False,28.52,0.0,0.0,200,100,1.6898,1.8972,0,0,0,0,0,0,0,0,0,0,0,0,0,0,0,0,0,0,0,0,0,0,0,0,0,0,0,0,0,0,0,0,0,0,0,0,0,0,0,0,0,0,0,4,8,8157,4118,2032,2006,4,0,0.0,0,0,0,0.0,0,0,0,0,0,1238,494,0,0,0,0,0,0,1955,0,896,431,2,0.0,0.0,0.0,"{""CLIENT"": 9031}",4,"{""census_suppress"": 4}",15.75,0.45,0.598,10.75,10.75,7.5,0.75,1.0,0,9031.0,0.0,N3S_SHEP2D,,,,,,,,
ADAPTIVE_RELAY,dense,9,50,900,10,3,False,LONG_FAST,6,0,5,40,False,,,786,8280,0.21498675806200343,9102,1680400.3840000008,16060,271726,22768,0.05910365588865254,309881.33865224925,682040.7892683265,2240,13581,1.0992753623188405,2291,2156,0.9411,0,0.0,212,182.04,204,0.8257250268528464,0.4963607820750678,3500.0,dense,9,50,3,False,29.16,0.0,0.0,200,100,1.7644,1.9396,0,0,0,0,0,0,0,0,0,0,0,0,0,0,0,0,0,0,0,0,0,0,0,0,0,0,0,0,0,0,0,0,0,0,0,0,0,0,0,0,0,0,0,3,6,8280,4034,2242,2004,3,0,0.0,0,0,0,0.0,0,0,0,0,0,1305,320,0,0,0,0,0,0,2024,0,1009,433,3,0.0,0.0,0.0,"{""CLIENT"": 9102}",3,"{""census_suppress"": 3}",14.0,0.3,0.515,9.0,9.0,8.667,1.0,1.0,0,9102.0,0.0,N3S_SHEP2D,,,,,,,,
ADAPTIVE_RELAY,dense,10,50,900,10,3,False,LONG_FAST,6,0,5,40,False,,,848,8104,0.19503273007316135,9081,1769007.1040000007,12384,236653,22825,0.05232978242405548,306873.0173114624,676111.5753076607,2373,13663,1.1205577492596248,2132,1908,0.8949,0,0.0,215,181.62,208,0.7372448979591837,0.45160638512830875,3500.0,dense,10,50,3,False,25.24,0.0,0.0,200,100,1.3637,1.5281,0,0,0,0,0,0,0,0,0,0,0,0,0,0,0,0,0,0,0,0,0,0,0,0,0,0,0,0,0,0,0,0,0,0,0,0,0,0,0,0,0,0,0,5,10,8227,4115,1995,2117,4,0,0.0,0,0,0,0.0,0,0,0,0,0,1212,776,0,0,0,0,0,0,1962,0,942,432,3,0.0,0.0,0.0,"{""CLIENT"": 9081}",5,"{""census_suppress"": 5}",7.0,0.0,0.423,6.4,6.4,0.0,0.8,1.0,0,9081.0,0.0,N3S_SHEP2D,,,,,,,,
ADAPTIVE_RELAY,dense,1,50,900,10,3,False,LONG_FAST,6,0,5,40,False,,,825,8128,0.20106369820655534,8284,1785686.0160000008,14045,220123,22648,0.06380523616341773,306872.8220221005,689263.6632044807,2363,11890,1.0191929133858268,2262,2110,0.9328,0,0.0,198,165.68,193,0.7888540031397174,0.4672285296371108,3500.0,dense,1,50,3,False,26.12,0.0,0.0,200,100,1.6954,1.728,0,0,0,0,0,0,0,0,0,0,0,0,0,0,0,0,0,0,0,0,0,0,0,0,0,0,0,0,0,0,0,0,0,0,0,0,0,0,0,0,0,82,71,12,24,7407,3636,1853,1918,12,0,0.0,0,0,0,0.0,0,0,0,0,0,1202,521,0,0,0,0,0,0,2014,0,953,428,4,0.0,0.0,0.0,"{""CLIENT"": 8284}",2430,"{""cef_cost"": 2418, ""census_suppress"": 12}",23.602,0.896,0.86,29.572,29.572,16.843,0.998,1.0,0,8284.0,0.0,N3S_BOOST,428,2418,2418,2418,26,3,0.03138589743589743,0.1299
ADAPTIVE_RELAY,dense,2,50,900,10,3,False,LONG_FAST,6,0,5,40,False,,,787,8048,0.20869745611077975,8231,1735649.2800000007,15735,244991,22618,0.0642268491495606,305620.871176987,683420.9278520155,2176,11785,1.0227385685884691,2297,2164,0.9421,0,0.0,218,164.62,184,0.8200859291084855,0.4853017019082001,3500.0,dense,2,50,3,False,29.48,0.0,0.0,200,100,1.9117,1.9551,0,0,0,0,0,0,0,0,0,0,0,0,0,0,0,0,0,0,0,0,0,0,0,0,0,0,0,0,0,0,0,0,0,0,0,0,0,0,0,0,0,83,71,3,6,7349,3683,1861,1804,3,0,0.0,0,0,0,0.0,0,0,0,0,0,1371,584,0,0,0,0,0,0,2057,0,1082,426,3,0.0,0.0,0.0,"{""CLIENT"": 8231}",2468,"{""census_suppress"": 3, ""cef_cost"": 2465}",26.171,0.899,0.85,28.705,28.705,18.95,1.0,1.0,0,8231.0,0.0,N3S_BOOST,426,2465,2465,2465,22,1,0.02681180527383367,0.1066
ADAPTIVE_RELAY,dense,3,50,900,10,3,False,LONG_FAST,6,0,5,40,False,,,800,8328,0.21244897959183673,8407,1629321.2160000007,15428,256666,23295,0.06010924703700529,312144.96886308264,680945.3596279696,2277,12139,1.0094860710854947,2297,2158,0.9395,0,0.0,215,168.14,193,0.8165881737310309,0.4924517752306402,3500.0,dense,3,50,3,False,30.32,0.0,0.0,200,100,1.8351,1.8525,0,0,0,0,0,0,0,0,0,0,0,0,0,0,0,0,0,0,0,0,0,0,0,0,0,0,0,0,0,0,0,0,0,0,0,0,0,0,0,0,0,89,81,2,4,7544,3624,2134,1786,2,0,0.0,0,0,0,0.0,0,0,0,0,0,1391,551,0,0,0,0,0,0,1975,0,1093,441,2,0.0,0.0,0.0,"{""CLIENT"": 8407}",2728,"{""cef_cost"": 2726, ""census_suppress"": 2}",27.382,0.899,0.856,32.702,32.702,21.22,1.0,1.0,0,8407.0,0.0,N3S_BOOST,441,2726,2726,2726,14,,0.02447971386647102,0.0989
ADAPTIVE_RELAY,dense,4,50,900,10,3,False,LONG_FAST,6,0,5,40,False,,,822,8185,0.2032126719300859,8534,1550096.3840000008,14410,279308,23336,0.05159179114096266,306713.6696617448,713599.7123783454,2292,12406,1.0426389737324373,2296,2170,0.9451,0,0.0,212,170.68,197,0.8015574650912997,0.4750992547189524,3500.0,dense,4,50,3,False,31.72,0.0,0.0,200,100,1.6885,1.7605,0,0,0,0,0,0,0,0,0,0,0,0,0,0,0,0,0,0,0,0,0,0,0,0,0,0,0,0,0,0,0,0,0,0,0,0,0,0,0,0,0,82,67,6,12,7602,3887,1774,1939,6,0,0.0,0,0,0,0.0,0,0,0,0,0,1554,866,0,0,0,0,0,0,1962,0,1190,441,3,0.0,0.0,0.0,"{""CLIENT"": 8534}",2356,"{""cef_cost"": 2350, ""census_suppress"": 6}",29.681,0.899,0.84,32.748,32.748,21.097,1.0,1.0,0,8534.0,0.0,N3S_BOOST,441,2350,2350,2350,23,13,0.02254685106382979,0.0921
ADAPTIVE_RELAY,dense,5,50,900,10,3,False,LONG_FAST,6,0,5,40,False,,,794,8169,0.20996761424973012,8223,1590751.2320000008,15837,250012,22718,0.06334495944194679,316008.2506683298,680753.6311558197,2276,11858,1.0066103562247521,2323,2208,0.9505,0,0.0,195,164.46,189,0.8604976237070171,0.4958825635517365,3500.0,dense,5,50,3,False,30.12,0.0,0.0,200,100,1.9259,1.9387,0,0,0,0,0,0,0,0,0,0,0,0,0,0,0,0,0,0,0,0,0,0,0,0,0,0,0,0,0,0,0,0,0,0,0,0,0,0,0,0,0,94,78,0,0,7310,3544,2073,1693,0,0,0.0,0,0,0,0.0,0,0,0,0,0,1323,434,0,0,0,0,0,0,2044,0,1127,429,,0.0,0.0,0.0,"{""CLIENT"": 8223}",2603,"{""cef_cost"": 2603}",27.305,0.9,0.847,32.926,32.926,21.741,1.0,1.0,0,8223.0,0.0,N3S_BOOST,429,2603,2603,2603,,1,0.022503611217825587,0.0879
ADAPTIVE_RELAY,dense,6,50,900,10,3,False,LONG_FAST,6,0,5,40,False,,,766,8003,0.2132200138541056,8199,1664763.9040000008,17020,258817,22464,0.06576074987346271,301296.8830840215,688889.183383359,2154,11855,1.024490815944021,2299,2168,0.943,0,0.0,187,163.98,182,0.8241543192619514,0.4795549988948648,3500.0,dense,6,50,3,False,31.96,0.0,0.0,200,100,2.0759,2.1267,0,0,0,0,0,0,0,0,0,0,0,0,0,0,0,0,0,0,0,0,0,0,0,0,0,0,0,0,0,0,0,0,0,0,0,0,0,0,0,0,0,84,75,2,4,7243,3476,2035,1732,2,0,0.0,0,0,0,0.0,0,0,0,0,0,1399,400,0,0,0,0,0,0,1951,0,1046,425,2,0.0,0.0,0.0,"{""CLIENT"": 8199}",2491,"{""cef_cost"": 2489, ""census_suppress"": 2}",27.139,0.9,0.838,28.848,28.848,18.413,1.0,1.0,0,8199.0,0.0,N3S_BOOST,425,2489,2489,2489,9,4,0.03343901165126557,0.1189
ADAPTIVE_RELAY,dense,7,50,900,10,3,False,LONG_FAST,6,0,5,40,False,,,814,8333,0.2089204232061375,8329,1736691.7120000008,15103,238485,22958,0.06332893054070486,309410.79139575915,674246.281531334,2246,12044,0.999519980799232,2283,2144,0.9391,0,0.0,204,166.58,185,0.8243823845327605,0.4784036902432206,3500.0,dense,7,50,3,False,28.52,0.0,0.0,200,100,1.8133,1.8124,0,0,0,0,0,0,0,0,0,0,0,0,0,0,0,0,0,0,0,0,0,0,0,0,0,0,0,0,0,0,0,0,0,0,0,0,0,0,0,0,0,93,79,2,4,7443,3764,1868,1811,2,0,0.0,0,0,0,0.0,0,0,0,0,0,1319,549,0,0,0,0,0,0,2057,0,992,431,,0.0,0.0,0.0,"{""CLIENT"": 8329}",2591,"{""cef_cost"": 2589, ""census_suppress"": 2}",26.338,0.899,0.852,28.598,28.598,18.403,1.0,1.0,0,8329.0,0.0,N3S_BOOST,431,2589,2589,2589,,,0.03219594438006952,0.128
ADAPTIVE_RELAY,dense,8,50,900,10,3,False,LONG_FAST,6,0,5,40,False,,,833,8144,0.1995247078423206,8263,1738776.5760000008,13025,213971,22960,0.06087273509026924,308274.509226394,650053.3981604071,2356,12246,1.0146119842829076,2091,1886,0.902,0,0.0,195,165.26,187,0.7450271247739603,0.46323827544262736,3500.0,dense,8,50,3,False,25.6,0.0,0.0,200,100,1.5763,1.5993,0,0,0,0,0,0,0,0,0,0,0,0,0,0,0,0,0,0,0,0,0,0,0,0,0,0,0,0,0,0,0,0,0,0,0,0,0,0,0,0,0,83,75,3,6,7314,3749,1718,1847,3,0,0.0,0,0,0,0.0,0,0,0,0,0,1267,775,0,0,0,0,0,0,1945,0,951,434,3,0.0,0.0,0.0,"{""CLIENT"": 8263}",2480,"{""census_suppress"": 3, ""cef_cost"": 2477}",25.05,0.9,0.866,29.151,29.151,16.49,1.0,1.0,0,8263.0,0.0,N3S_BOOST,434,2477,2477,2477,19,3,0.020315381509890998,0.0893
ADAPTIVE_RELAY,dense,10,50,900,10,3,False,LONG_FAST,6,0,5,40,False,,,848,8040,0.1934924913361571,8137,1770049.5360000008,12503,211781,22787,0.05903740184435809,300202.2368187274,654205.9417130862,2368,12079,1.0120646766169155,2059,1770,0.8596,0,0.0,216,162.74,193,0.7112244897959183,0.44029096787229743,3500.0,dense,10,50,3,False,25.24,0.0,0.0,200,100,1.5366,1.5551,0,0,0,0,0,0,0,0,0,0,0,0,0,0,0,0,0,0,0,0,0,0,0,0,0,0,0,0,0,0,0,0,0,0,0,0,0,0,0,0,0,87,76,5,10,7236,3719,1746,1770,4,0,0.0,0,0,0,0.0,0,0,0,0,0,1224,757,0,0,0,0,0,0,1884,0,962,433,3,0.0,0.0,0.0,"{""CLIENT"": 8137}",2574,"{""cef_cost"": 2569, ""census_suppress"": 5}",23.543,0.898,0.865,26.501,26.501,16.171,1.0,1.0,0,8137.0,0.0,N3S_BOOST,433,2569,2569,2569,25,,0.023418645387310238,0.1116
ADAPTIVE_RELAY,dense,9,50,900,10,3,False,LONG_FAST,6,0,5,40,False,,,790,8100,0.20924825626453114,8164,1677273.0880000007,16178,243469,22657,0.06644788453560822,303134.5169067905,682256.6312740205,2232,12040,1.0079012345679013,2261,2098,0.9279,0,0.0,193,163.28,185,0.8125671321160043,0.48151848151848153,3500.0,dense,9,50,3,False,29.16,0.0,0.0,200,100,1.9816,1.9973,0,0,0,0,0,0,0,0,0,0,0,0,0,0,0,0,0,0,0,0,0,0,0,0,0,0,0,0,0,0,0,0,0,0,0,0,0,0,0,0,0,85,73,3,6,7298,3668,2001,1629,3,0,0.0,0,0,0,0.0,0,0,0,0,0,1342,262,0,0,0,0,0,0,2029,0,1046,423,3,0.0,0.0,0.0,"{""CLIENT"": 8164}",2446,"{""cef_cost"": 2443, ""census_suppress"": 3}",25.315,0.899,0.85,30.403,30.403,18.917,1.0,1.0,0,8164.0,0.0,N3S_BOOST,423,2443,2443,2443,22,,0.02872124437167417,0.1299
