router,scenario,seed,nodes,simtime_s,period_s,hop_limit,dms,modem,capture_db,clock_drift_ppm,model,packet_len,movement,kill_at_s,revive_at_s,kill_mode,deaf_at_s,deaf_until_s,ar_params,messages_generated,messages_delivered_pairs,reach,tx_count,tx_airtime_ms,collisions,sensed,received,collision_rate,latency_mean_ms,latency_p95_ms,retransmissions,dropped,tx_per_delivered,one_way_pairs,bidirectional_pairs,bidirectional_reach,conversations,ce_conversations_per_airtime_s,max_tx_per_node,avg_tx_per_node,p95_tx_per_node,reach_gen_first60s,reach_gen_first300s,meta_n_per_cluster,meta_scenario,meta_seed,meta_n_nodes,meta_hop_limit,meta_dms,meta_avg_neighbors_t0,tx_start_interarrival_p50_ms,tx_start_interarrival_p95_ms,simultaneous_tx_peak,tx_burst_size_p95,collision_per_tx,collision_per_delivered,variant,adaptive_primary_selected,adaptive_primary_success,adaptive_primary_failure,adaptive_backup1_triggered,adaptive_backup1_success,adaptive_backup2_triggered,adaptive_backup2_success,adaptive_mini_flood_triggered,adaptive_mpr_forward,adaptive_suppressed_forward,adaptive_route_switches,adaptive_primary_flaps,adaptive_sector_candidates,adaptive_sector_primary_selected,adaptive_unique_coverage_preserved,adaptive_cross_sector_suppression,adaptive_same_sector_inhibition,adaptive_segment_fallback,adaptive_confidence_low_time_ms,adaptive_gossip_forwards,ar_cancel_in_air,ar_cancel_residual_empty,ar_cancel_echo,ar_covered_elsewhere,watchdog_false_failure,suppression_regret,unique_relay_suppressed,backup1_useful,backup1_redundant,backup2_useful,backup2_redundant,mini_flood_delivered,topk_evictions,mobility_recommend_mute,mobility_relay_suppressed,shepherd_msgs_tx,collect_hears,collect_ignored_scope,rescues_during_collect,rescue_budget_denied,shepherd_election_cancelled,boost_windows,boost_exits,suppressed_by_census,copies_before_suppress,copies_before_forward,n3_forward_rank0,n3_forward_rank1,n3_forward_rank2,n3_fallback_suppressed,n3_shep_rescues,n4_airtime_granted,n4_starved,neighborinfo_tx,neighborinfo_bytes,neighborinfo_airtime,neighborinfo_full_tx,neighborinfo_delta_tx,neighborinfo_delta_miss,neighborinfo_raw_bytes,neighborinfo_encoded_bytes,known_1hop,known_2hop,unique_bridge_detected,suppression_blocked_unique,suppression_blocked_low_alt,adaptive_inhibition_weak,adaptive_inhibition_medium,adaptive_inhibition_strong,probe_tx,probe_airtime,asymmetric_link_suppression,probe_responses,client_repeats,known_2hop_entries,advertised_entries,functional_segments,segment_changes,asym_suppressed_but_lost,probe_responses_received,frontier_suppression_regret,relay_fatigue_mean,relay_fatigue_max,topk_table_high_mean,tx_by_role,death_count,death_reasons,death_mean_local_degree,death_mean_alt_paths,death_mean_confidence,death_mean_residual_cov,death_mean_my_unique_cov,death_mean_segment_count,death_frac_unique_gt0,death_frac_alt_le1,dm_acked,tx_per_successful_hop,fallbacks_per_delivered_dm
MANAGED_FLOOD,bridge,3,25,600,30,5,True,LONG_FAST,6,0,5,40,False,,,relay,300.0,420.0,,305,2696,0.36830601092896176,1991,728262.6560000003,699,24936,8612,0.028031761308950916,130419.26941504938,291663.51171328523,623,5598,0.7385014836795252,493,422,0.856,40,0.054925,115,79.64,89,0.6821705426356589,0.560752688172043,12,bridge,3,25,5,True,12.24,0.0,0.0,75,25,0.3511,0.2593,MF,,,,,,,,,,,,,,,,,,,,,,,,,,,,,,,,,,,,,,,,,,,,,,,,,,,,,,,,,,,,,,,,,,,,,,,,,,,,,,,,,,,,,,,,,,,,,,,,,,
MANAGED_FLOOD,bridge,4,25,600,30,5,True,LONG_FAST,6,0,5,40,False,,,relay,300.0,420.0,,309,2704,0.36461704422869473,2131,720429.0560000003,793,27252,8559,0.029098781740789666,143345.34683627877,326316.655999999,629,5461,0.7880917159763313,512,450,0.8789,38,0.052746,105,85.24,98,0.7083333333333334,0.5992569002123143,12,bridge,4,25,5,True,12.56,0.0,0.0,75,25,0.3721,0.2933,MF,,,,,,,,,,,,,,,,,,,,,,,,,,,,,,,,,,,,,,,,,,,,,,,,,,,,,,,,,,,,,,,,,,,,,,,,,,,,,,,,,,,,,,,,,,,,,,,,,,
MANAGED_FLOOD,bridge,1,25,600,30,5,True,LONG_FAST,6,0,5,40,False,,,relay,300.0,420.0,,306,2804,0.3818082788671024,2294,720439.2960000002,1017,30280,8495,0.03358652575957728,147415.88318197796,363363.81600862544,589,5189,0.81811697574893,514,456,0.8872,37,0.051358,110,91.76,108,0.7887596899224806,0.6186305732484076,12,bridge,1,25,5,True,12.72,0.0,0.0,75,25,0.4433,0.3627,MF,,,,,,,,,,,,,,,,,,,,,,,,,,,,,,,,,,,,,,,,,,,,,,,,,,,,,,,,,,,,,,,,,,,,,,,,,,,,,,,,,,,,,,,,,,,,,,,,,,
MANAGED_FLOOD,bridge,2,25,600,30,5,True,LONG_FAST,6,0,5,40,False,,,relay,300.0,420.0,,303,2824,0.38833883388338836,2260,725196.8000000003,1147,29374,8564,0.03904813780894669,147951.85944925665,352893.05231125955,602,5209,0.8002832861189801,536,488,0.9104,38,0.0524,117,90.4,114,0.7625,0.61640625,12,bridge,2,25,5,True,12.56,0.0,0.0,75,25,0.5075,0.4062,MF,,,,,,,,,,,,,,,,,,,,,,,,,,,,,,,,,,,,,,,,,,,,,,,,,,,,,,,,,,,,,,,,,,,,,,,,,,,,,,,,,,,,,,,,,,,,,,,,,,
MANAGED_FLOOD,bridge,5,25,600,30,5,True,LONG_FAST,6,0,5,40,False,,,relay,300.0,420.0,,310,2844,0.38225806451612904,2274,729346.0480000003,858,28301,8610,0.03031694993109784,147679.08097160124,336029.8435397625,615,5368,0.79957805907173,564,532,0.9433,43,0.058957,110,90.96,103,0.7416666666666667,0.62421875,12,bridge,5,25,5,True,12.4,0.0,0.0,75,25,0.3773,0.3017,MF,,,,,,,,,,,,,,,,,,,,,,,,,,,,,,,,,,,,,,,,,,,,,,,,,,,,,,,,,,,,,,,,,,,,,,,,,,,,,,,,,,,,,,,,,,,,,,,,,,
MANAGED_FLOOD,bridge,7,25,600,30,5,True,LONG_FAST,6,0,5,40,False,,,relay,300.0,420.0,,302,2795,0.3856236203090508,2129,734011.3920000003,706,26180,8696,0.026967150496562262,134557.10744571802,296721.3151375351,615,5554,0.7617173524150268,512,452,0.8828,47,0.064032,108,85.16,105,0.7435897435897436,0.5900106837606838,12,bridge,7,25,5,True,12.32,0.0,0.0,75,25,0.3316,0.2526,MF,,,,,,,,,,,,,,,,,,,,,,,,,,,,,,,,,,,,,,,,,,,,,,,,,,,,,,,,,,,,,,,,,,,,,,,,,,,,,,,,,,,,,,,,,,,,,,,,,,
MANAGED_FLOOD,bridge,6,25,600,30,5,True,LONG_FAST,6,0,5,40,False,,,relay,300.0,420.0,,307,2789,0.378528773072747,2236,729274.3680000002,789,28586,8784,0.02760092352900021,150502.29407016377,345686.90319004573,612,5510,0.8017210469702403,573,546,0.9529,37,0.050735,110,89.44,102,0.7583333333333333,0.6244791666666667,12,bridge,6,25,5,True,12.48,0.0,0.0,50,25,0.3529,0.2829,MF,,,,,,,,,,,,,,,,,,,,,,,,,,,,,,,,,,,,,,,,,,,,,,,,,,,,,,,,,,,,,,,,,,,,,,,,,,,,,,,,,,,,,,,,,,,,,,,,,,
MANAGED_FLOOD,bridge,8,25,600,30,5,True,LONG_FAST,6,0,5,40,False,,,relay,300.0,420.0,,306,2802,0.3815359477124183,2205,699095.0400000003,596,28080,8650,0.021225071225071224,151152.45871448392,350038.7751900462,625,5416,0.7869379014989293,537,482,0.8976,41,0.058647,121,88.2,111,0.806910569105691,0.6255307855626328,12,bridge,8,25,5,True,12.48,0.0,0.0,75,25,0.2703,0.2127,MF,,,,,,,,,,,,,,,,,,,,,,,,,,,,,,,,,,,,,,,,,,,,,,,,,,,,,,,,,,,,,,,,,,,,,,,,,,,,,,,,,,,,,,,,,,,,,,,,,,
MANAGED_FLOOD,bridge,9,25,600,30,5,True,LONG_FAST,6,0,5,40,False,,,relay,300.0,420.0,,315,2710,0.3584656084656085,2177,707889.1520000002,660,27117,8443,0.024338975550392744,143878.3536839167,323836.12136122293,626,5232,0.8033210332103321,514,456,0.8872,38,0.053681,122,87.08,99,0.689484126984127,0.5804507337526206,12,bridge,9,25,5,True,12.4,0.0,0.0,50,25,0.3032,0.2435,MF,,,,,,,,,,,,,,,,,,,,,,,,,,,,,,,,,,,,,,,,,,,,,,,,,,,,,,,,,,,,,,,,,,,,,,,,,,,,,,,,,,,,,,,,,,,,,,,,,,
MANAGED_FLOOD,bridge,10,25,600,30,5,True,LONG_FAST,6,0,5,40,False,,,relay,300.0,420.0,,312,2787,0.37219551282051283,2136,733939.7120000003,678,26561,8629,0.02552614735890968,131283.85398249116,317334.29302825546,618,5442,0.7664155005382132,498,434,0.8715,44,0.05995,113,85.44,100,0.7138157894736842,0.5860215053763441,12,bridge,10,25,5,True,12.32,0.0,0.0,75,25,0.3174,0.2433,MF,,,,,,,,,,,,,,,,,,,,,,,,,,,,,,,,,,,,,,,,,,,,,,,,,,,,,,,,,,,,,,,,,,,,,,,,,,,,,,,,,,,,,,,,,,,,,,,,,,
ADAPTIVE_RELAY,bridge,1,25,600,30,5,True,LONG_FAST,6,0,5,40,False,,,relay,300.0,420.0,,270,3024,0.4666666666666667,2409,870799.3600000005,1484,31729,10726,0.046771092691228845,152472.48686910077,346723.13909297605,597,2805,0.7966269841269841,495,440,0.8889,26,0.029858,158,96.36,134,0.5221354166666666,0.4636904761904762,12,bridge,1,25,5,True,12.72,0.0,0.0,75,25,0.616,0.4907,N3S_SHEP2D,209,14,368,151,135,0,0,149,0,0,620,145,0,0,0,0,0,339,0,0,0,0,15,96,5,0,0,53,82,0,0,40,0,0,0,0,0,0,0,0,0,0,0,1,2,338,154,105,78,1,0,0.0,0,0,0,0.0,0,0,0,0,0,327,151,0,0,0,0,0,0,150,127346.68799999998,408,39,13,508,0,105,202,29,15,1,0.0,0.0,0.0,"{""CLIENT"": 2409}",1,"{""census_suppress"": 1}",3.0,0.0,0.391,0.0,0.0,0.0,0.0,1.0,26,172.0714,33.4231
ADAPTIVE_RELAY,bridge,2,25,600,30,5,True,LONG_FAST,6,0,5,40,False,,,relay,300.0,420.0,,269,2965,0.4592627013630731,2380,876926.9760000005,1460,30691,10758,0.047570949138183834,158488.51525620278,352388.0067385367,591,3137,0.8026981450252951,437,376,0.8604,25,0.028509,122,95.2,119,0.5227272727272727,0.45654761904761904,12,bridge,2,25,5,True,12.56,0.0,0.0,75,25,0.6134,0.4924,N3S_SHEP2D,211,8,403,132,123,0,0,146,0,0,495,114,0,0,0,0,0,353,0,0,0,0,9,76,9,0,0,47,75,0,0,47,0,0,0,0,0,0,0,0,0,0,0,2,4,286,132,71,83,2,0,0.0,0,0,0,0.0,0,0,0,0,0,320,183,0,0,0,0,0,0,161,130041.85599999996,736,32,30,452,0,70,205,50,16,2,0.0,0.0,0.0,"{""CLIENT"": 2380}",2,"{""census_suppress"": 2}",14.0,0.675,0.871,3.0,3.0,7.0,1.0,1.0,25,297.5,37.28
ADAPTIVE_RELAY,bridge,3,25,600,30,5,True,LONG_FAST,6,0,5,40,False,,,relay,300.0,420.0,,276,3132,0.47282608695652173,2331,885465.0880000005,1058,28918,10976,0.03658620928141642,141657.044606019,306246.0285149986,586,3119,0.7442528735632183,429,358,0.8345,37,0.041786,119,93.24,109,0.49421296296296297,0.46228710462287104,12,bridge,3,25,5,True,12.24,0.0,0.0,75,25,0.4539,0.3378,N3S_SHEP2D,218,20,359,143,131,0,0,127,0,0,455,84,0,0,0,0,0,302,0,0,0,0,11,59,7,0,0,48,82,0,0,37,0,0,0,0,0,0,0,0,0,0,0,0,0,226,94,75,55,0,0,0.0,0,0,0,0.0,0,0,0,0,0,310,235,0,0,0,0,0,0,162,134084.60799999998,733,37,,439,0,76,196,57,21,,0.0,0.0,0.0,"{""CLIENT"": 2331}",,,,,,,,,,,37,116.55,21.2973
ADAPTIVE_RELAY,bridge,4,25,600,30,5,True,LONG_FAST,6,0,5,40,False,,,relay,300.0,420.0,,273,3041,0.46413308913308915,2326,859713.5360000004,1114,29827,10755,0.03734871089952057,153188.24872824267,349252.510400077,588,3002,0.7648799736928642,452,380,0.8407,32,0.037222,125,93.04,120,0.5046296296296297,0.46365248226950356,12,bridge,4,25,5,True,12.56,0.0,0.0,75,25,0.4789,0.3663,N3S_SHEP2D,215,15,338,131,118,0,0,129,0,0,456,88,0,0,0,0,0,295,0,0,0,0,12,66,13,0,0,41,73,0,0,35,0,0,0,0,0,0,0,0,0,0,0,0,0,311,141,95,75,0,0,0.0,0,0,0,0.0,0,0,0,0,0,322,226,0,0,0,0,0,0,158,128694.27199999995,633,33,,468,0,78,202,43,18,,0.0,0.0,0.0,"{""CLIENT"": 2326}",,,,,,,,,,,32,155.0667,23.8125
ADAPTIVE_RELAY,bridge,5,25,600,30,5,True,LONG_FAST,6,0,5,40,False,,,relay,300.0,420.0,,268,2934,0.45615671641791045,2326,878454.7840000005,999,28887,10957,0.03458303042891266,166063.51137037505,377504.23736224876,616,2971,0.792774369461486,458,388,0.8472,30,0.034151,120,93.04,116,0.5119047619047619,0.45715962441314556,12,bridge,5,25,5,True,12.4,0.0,0.0,75,25,0.4295,0.3405,N3S_SHEP2D,212,10,378,160,148,0,0,143,0,0,529,105,0,0,0,0,0,326,0,0,0,0,12,81,0,0,0,48,96,0,0,38,0,0,0,0,0,0,0,0,0,0,0,0,0,286,138,77,71,0,0,0.0,0,0,0,0.0,0,0,0,0,0,313,239,0,0,0,0,0,0,155,128020.47999999995,742,35,9,476,0,106,209,52,18,,0.0,0.0,0.0,"{""CLIENT"": 2326}",,,,,,,,,,,30,232.6,28.5333
ADAPTIVE_RELAY,bridge,6,25,600,30,5,True,LONG_FAST,6,0,5,40,False,,,relay,300.0,420.0,,273,3100,0.4731379731379731,2402,869629.9520000004,1014,30804,11036,0.0329178028827425,157027.90878620354,402890.01745994296,596,3158,0.7748387096774193,466,406,0.8712,32,0.036797,164,96.08,122,0.5196078431372549,0.4734567901234568,12,bridge,6,25,5,True,12.48,0.0,0.0,50,25,0.4221,0.3271,N3S_SHEP2D,213,11,363,143,125,0,0,145,0,0,527,128,0,0,0,0,0,315,0,0,0,0,17,74,3,0,0,45,79,0,0,46,0,0,0,0,0,0,0,0,0,0,0,2,4,319,97,138,83,2,0,0.0,0,0,0,0.0,0,0,0,0,0,324,174,0,0,0,0,0,0,158,130041.85599999996,459,35,12,485,0,76,203,48,22,2,0.0,0.0,0.0,"{""CLIENT"": 2402}",2,"{""census_suppress"": 2}",7.0,0.0,0.477,4.5,4.5,0.0,1.0,1.0,32,218.3636,26.0938
ADAPTIVE_RELAY,bridge,7,25,600,30,5,True,LONG_FAST,6,0,5,40,False,,,relay,300.0,420.0,,277,3065,0.4610409145607702,2324,887625.7280000005,882,28590,11102,0.030849947534102834,150794.79009023382,361347.4809866,589,2884,0.7582381729200652,446,372,0.8341,37,0.041684,139,92.96,120,0.509009009009009,0.4677511415525114,12,bridge,7,25,5,True,12.32,0.0,0.0,50,25,0.3795,0.2878,N3S_SHEP2D,215,11,380,161,144,0,0,134,0,0,522,107,0,0,0,0,0,327,0,0,0,0,16,84,3,0,0,45,96,0,0,34,0,0,0,0,0,0,0,0,0,0,0,1,2,265,99,69,97,1,0,0.0,0,0,0,0.0,0,0,0,0,0,313,212,0,0,0,0,0,0,152,125999.10399999998,665,35,,463,0,96,211,53,21,1,0.0,0.0,0.0,"{""CLIENT"": 2324}",1,"{""census_suppress"": 1}",19.0,0.55,0.751,11.0,11.0,14.0,1.0,1.0,37,211.2727,22.7297
ADAPTIVE_RELAY,bridge,8,25,600,30,5,True,LONG_FAST,6,0,5,40,False,,,relay,300.0,420.0,,269,2844,0.44052044609665425,2404,862672.8960000004,847,30412,10961,0.027850848349335787,167760.47096421607,390438.8187467047,602,3071,0.8452883263009845,444,376,0.8468,30,0.034776,130,96.16,121,0.5046296296296297,0.46642685851318944,12,bridge,8,25,5,True,12.48,0.0,0.0,50,25,0.3523,0.2978,N3S_SHEP2D,211,7,374,135,128,0,0,149,0,0,473,91,0,0,0,0,0,341,0,0,0,0,7,87,4,0,0,40,86,0,0,43,0,0,0,0,0,0,0,0,0,0,0,0,0,257,119,47,90,0,0,0.0,0,0,0,0.0,0,0,0,0,0,314,188,0,0,0,0,0,0,156,130041.85599999996,681,37,15,459,0,68,206,33,20,,0.0,0.0,0.0,"{""CLIENT"": 2404}",,,,,,,,,,,30,343.4286,29.3
ADAPTIVE_RELAY,bridge,9,25,600,30,5,True,LONG_FAST,6,0,5,40,False,,,relay,300.0,420.0,,276,2917,0.4403683574879227,2316,873402.3680000005,761,28715,10972,0.02650182831272854,159719.7973690998,338783.8337807336,596,2964,0.7939664038395612,445,372,0.836,29,0.033203,142,92.64,120,0.5061274509803921,0.4655275779376499,12,bridge,9,25,5,True,12.4,0.0,0.0,50,50,0.3286,0.2609,N3S_SHEP2D,214,8,362,154,140,0,0,137,0,0,509,115,0,0,0,0,0,303,0,0,0,0,13,79,4,0,0,42,98,0,0,34,0,0,0,0,0,0,0,0,0,0,0,0,0,251,70,81,98,0,0,0.0,0,0,0,0.0,0,0,0,0,0,311,277,0,0,0,0,0,0,153,129368.06399999998,644,39,7,466,0,71,212,59,21,,0.0,0.0,0.0,"{""CLIENT"": 2316}",,,,,,,,,,,29,289.5,27.8966
ADAPTIVE_RELAY,bridge,10,25,600,30,5,True,LONG_FAST,6,0,5,40,False,,,relay,300.0,420.0,,270,2994,0.462037037037037,2376,895141.8880000005,841,29474,11328,0.02853362285404085,161725.37134876917,358157.5092191041,605,3149,0.7935871743486974,435,368,0.846,34,0.037983,128,95.04,120,0.5138888888888888,0.46279761904761907,12,bridge,10,25,5,True,12.32,0.0,0.0,75,25,0.354,0.2809,N3S_SHEP2D,214,10,400,174,151,0,0,154,0,0,549,130,0,0,0,0,0,361,0,0,0,0,21,107,5,0,0,55,95,0,0,47,0,0,0,0,0,0,0,0,0,0,0,1,2,195,88,58,48,1,0,0.0,0,0,0,0.0,0,0,0,0,0,309,185,0,0,0,0,0,0,159,130715.64799999996,684,35,17,442,0,56,211,39,21,1,0.0,0.0,0.0,"{""CLIENT"": 2376}",1,"{""census_suppress"": 1}",20.0,0.78,0.865,11.0,11.0,15.0,1.0,1.0,34,237.6,27.4118
