router,scenario,seed,nodes,simtime_s,period_s,hop_limit,dms,modem,capture_db,clock_drift_ppm,model,packet_len,movement,kill_at_s,revive_at_s,kill_mode,deaf_at_s,deaf_until_s,ar_params,messages_generated,messages_delivered_pairs,reach,tx_count,tx_airtime_ms,collisions,sensed,received,collision_rate,latency_mean_ms,latency_p95_ms,retransmissions,dropped,tx_per_delivered,one_way_pairs,bidirectional_pairs,bidirectional_reach,conversations,ce_conversations_per_airtime_s,max_tx_per_node,avg_tx_per_node,p95_tx_per_node,reach_gen_first60s,reach_gen_first300s,meta_area_side,meta_scenario,meta_seed,meta_n_nodes,meta_hop_limit,meta_dms,meta_avg_neighbors_t0,tx_start_interarrival_p50_ms,tx_start_interarrival_p95_ms,simultaneous_tx_peak,tx_burst_size_p95,collision_per_tx,collision_per_delivered,adaptive_primary_selected,adaptive_primary_success,adaptive_primary_failure,adaptive_backup1_triggered,adaptive_backup1_success,adaptive_backup2_triggered,adaptive_backup2_success,adaptive_mini_flood_triggered,adaptive_mpr_forward,adaptive_suppressed_forward,adaptive_route_switches,adaptive_primary_flaps,adaptive_sector_candidates,adaptive_sector_primary_selected,adaptive_unique_coverage_preserved,adaptive_cross_sector_suppression,adaptive_same_sector_inhibition,adaptive_segment_fallback,adaptive_confidence_low_time_ms,adaptive_gossip_forwards,ar_cancel_in_air,ar_cancel_residual_empty,ar_cancel_echo,ar_covered_elsewhere,watchdog_false_failure,ndb_entries,ndb_census_shield,ndb_radius_scaled,suppression_regret,unique_relay_suppressed,backup1_useful,backup1_redundant,backup2_useful,backup2_redundant,mini_flood_delivered,topk_evictions,mobility_recommend_mute,mobility_relay_suppressed,shepherd_msgs_tx,collect_hears,collect_ignored_scope,rescues_during_collect,rescue_budget_denied,shepherd_election_cancelled,boost_windows,boost_exits,suppressed_by_census,copies_before_suppress,copies_before_forward,n3_forward_rank0,n3_forward_rank1,n3_forward_rank2,n3_fallback_suppressed,n3_shep_rescues,n4_airtime_granted,n4_starved,neighborinfo_tx,neighborinfo_bytes,neighborinfo_airtime,neighborinfo_full_tx,neighborinfo_delta_tx,neighborinfo_delta_miss,neighborinfo_raw_bytes,neighborinfo_encoded_bytes,known_1hop,known_2hop,unique_bridge_detected,suppression_blocked_unique,suppression_blocked_low_alt,adaptive_inhibition_weak,adaptive_inhibition_medium,adaptive_inhibition_strong,known_2hop_entries,advertised_entries,functional_segments,segment_changes,frontier_suppression_regret,relay_fatigue_mean,relay_fatigue_max,topk_table_high_mean,tx_by_role,death_count,death_reasons,death_mean_local_degree,death_mean_alt_paths,death_mean_confidence,death_mean_residual_cov,death_mean_my_unique_cov,death_mean_segment_count,death_frac_unique_gt0,death_frac_alt_le1,dm_acked,tx_per_successful_hop,fallbacks_per_delivered_dm,variant
ADAPTIVE_RELAY,dense,1,50,900,30,3,False,LONG_FAST,6,0,5,40,False,,,relay,,,,623,7817,0.2560683984669309,7502,1705418.7520000008,13452,202157,22231,0.06654234085389078,293525.7038660314,645675.728106563,1730,13344,0.9597032109504925,2235,2044,0.9145,0,0.0,184,150.04,177,0.87409200968523,0.5796102224673654,3500.0,dense,1,50,3,False,26.12,0.0,0.0,200,100,1.7931,1.7209,0,0,0,0,0,0,0,0,0,0,0,0,0,0,0,0,0,0,0,0,0,0,0,0,0,1952,198,0,0,0,0,0,0,0,0,0,0,0,0,0,0,0,0,0,0,0,9,18,7769,3682,2029,2054,9,0,0.0,0,0,0,0.0,0,0,0,0,0,1243,414,0,0,0,0,0,0,2066,0,890,421,3,0.0,0.0,0.0,"{""CLIENT"": 7502}",9,"{""census_suppress"": 9}",5.333,0.0,0.411,2.444,2.444,0.0,1.0,1.0,0,7502.0,0.0,N3S_SHEP2D_NDB
ADAPTIVE_RELAY,dense,2,50,900,30,3,False,LONG_FAST,6,0,5,40,False,,,relay,,,,602,7955,0.2696793002915452,7645,1651212.2880000006,14740,231142,22573,0.06377032300490608,287541.55043700134,667499.9236737086,1655,13649,0.9610307982401005,2258,2104,0.9318,0,0.0,185,152.9,178,0.8930461073318217,0.5989229024943311,3500.0,dense,2,50,3,False,29.48,0.0,0.0,200,100,1.9281,1.8529,0,0,0,0,0,0,0,0,0,0,0,0,0,0,0,0,0,0,0,0,0,0,0,0,0,2000,159,0,0,0,0,0,0,0,0,0,0,0,0,0,0,0,0,0,0,0,5,10,7818,3735,1970,2113,5,0,0.0,0,0,0,0.0,0,0,0,0,0,1361,692,0,0,0,0,0,0,2042,0,1004,429,3,0.0,0.0,0.0,"{""CLIENT"": 7645}",5,"{""census_suppress"": 5}",13.8,0.36,0.591,12.6,12.6,7.0,1.0,1.0,0,7645.0,0.0,N3S_SHEP2D_NDB
ADAPTIVE_RELAY,dense,3,50,900,30,3,False,LONG_FAST,6,0,5,40,False,,,relay,,,,611,7830,0.2615317812886202,7740,1611599.8720000007,15105,237527,22776,0.06359277050608983,290762.91349735943,665005.9096596194,1683,13727,0.9885057471264368,2316,2194,0.9473,0,0.0,185,154.8,176,0.8701298701298701,0.5941043083900227,3500.0,dense,3,50,3,False,30.32,0.0,0.0,200,100,1.9516,1.9291,0,0,0,0,0,0,0,0,0,0,0,0,0,0,0,0,0,0,0,0,0,0,0,0,0,2115,222,0,0,0,0,0,0,0,0,0,0,0,0,0,0,0,0,0,0,0,11,22,7926,3722,2249,1953,11,0,0.0,0,0,0,0.0,0,0,0,0,0,1389,382,0,0,0,0,0,0,2066,0,1093,433,6,0.0,0.0,0.0,"{""CLIENT"": 7740}",11,"{""census_suppress"": 11}",17.0,0.491,0.627,11.636,11.636,11.091,0.727,1.0,0,7740.0,0.0,N3S_SHEP2D_NDB
ADAPTIVE_RELAY,dense,4,50,900,30,3,False,LONG_FAST,6,0,5,40,False,,,relay,,,,618,7889,0.2605177993527508,7962,1488592.8960000006,13804,263221,23139,0.05244262425870276,304356.7496411805,687442.6602161159,1662,14130,1.0092533907973127,2365,2284,0.9658,0,0.0,194,159.24,185,0.9085276967930029,0.6056285527909794,3500.0,dense,4,50,3,False,31.72,0.0,0.0,200,50,1.7337,1.7498,0,0,0,0,0,0,0,0,0,0,0,0,0,0,0,0,0,0,0,0,0,0,0,0,0,2185,175,0,0,0,0,0,0,0,0,0,0,0,0,0,0,0,0,0,0,0,21,42,8047,4028,1982,2037,21,0,0.0,0,0,0,0.0,0,0,0,0,0,1611,1018,0,0,0,0,0,0,2213,0,1062,439,14,0.0,0.0,0.0,"{""CLIENT"": 7962}",21,"{""census_suppress"": 21}",17.476,0.429,0.57,13.048,13.048,9.0,0.667,1.0,0,7962.0,0.0,N3S_SHEP2D_NDB
ADAPTIVE_RELAY,dense,8,50,900,30,3,False,LONG_FAST,6,0,5,40,False,,,relay,,,,624,7807,0.25533097854526426,7542,1699164.1600000006,12910,197888,22787,0.06523892302716688,297956.8294128643,668432.196950919,1722,14061,0.9660561034968618,2275,2126,0.9345,0,0.0,183,150.84,174,0.8886501969208737,0.5883591104603276,3500.0,dense,8,50,3,False,25.6,0.0,0.0,200,100,1.7117,1.6536,0,0,0,0,0,0,0,0,0,0,0,0,0,0,0,0,0,0,0,0,0,0,0,0,0,1988,174,0,0,0,0,0,0,0,0,0,0,0,0,0,0,0,0,0,0,0,14,28,7726,3806,1888,2032,14,0,0.0,0,0,0,0.0,0,0,0,0,0,1298,972,0,0,0,0,0,0,2103,0,1006,430,6,0.0,0.0,0.0,"{""CLIENT"": 7542}",14,"{""census_suppress"": 14}",4.929,0.064,0.416,1.857,1.857,0.929,0.857,1.0,0,7542.0,0.0,N3S_SHEP2D_NDB
ADAPTIVE_RELAY,dense,5,50,900,30,3,False,LONG_FAST,6,0,5,40,False,,,relay,,,,593,7948,0.27353133496231546,7751,1565732.8640000008,15110,238096,22666,0.06346179692224985,286394.03300795984,659387.69226215,1693,13691,0.9752138902868647,2292,2142,0.9346,0,0.0,184,155.02,180,0.9183673469387755,0.6066020878397442,3500.0,dense,5,50,3,False,30.12,0.0,0.0,200,100,1.9494,1.9011,0,0,0,0,0,0,0,0,0,0,0,0,0,0,0,0,0,0,0,0,0,0,0,0,0,2114,223,0,0,0,0,0,0,0,0,0,0,0,0,0,0,0,0,0,0,0,1,2,8027,3832,2295,1898,1,0,0.0,0,0,0,0.0,0,0,0,0,0,1366,527,0,0,0,0,0,0,2101,0,1074,430,,0.0,0.0,0.0,"{""CLIENT"": 7751}",1,"{""census_suppress"": 1}",2.0,0.0,0.365,0.0,0.0,0.0,0.0,1.0,0,7751.0,0.0,N3S_SHEP2D_NDB
ADAPTIVE_RELAY,dense,7,50,900,30,3,False,LONG_FAST,6,0,5,40,False,,,relay,,,,612,7941,0.26480592236894757,7746,1680400.3840000008,14454,224564,22853,0.06436472453287259,292575.21811558044,672512.8753050424,1679,13881,0.9754438987533056,2319,2200,0.9487,0,0.0,187,154.92,178,0.9229024943310657,0.609517539734788,3500.0,dense,7,50,3,False,28.52,0.0,0.0,200,100,1.866,1.8202,0,0,0,0,0,0,0,0,0,0,0,0,0,0,0,0,0,0,0,0,0,0,0,0,0,2169,200,0,0,0,0,0,0,0,0,0,0,0,0,0,0,0,0,0,0,0,12,24,7878,3968,1995,1912,12,0,0.0,0,0,0,0.0,0,0,0,0,0,1354,611,0,0,0,0,0,0,2188,0,1002,428,6,0.0,0.0,0.0,"{""CLIENT"": 7746}",12,"{""census_suppress"": 12}",13.5,0.375,0.585,8.5,8.5,5.417,1.0,1.0,0,7746.0,0.0,N3S_SHEP2D_NDB
ADAPTIVE_RELAY,dense,6,50,900,30,3,False,LONG_FAST,6,0,5,40,False,,,relay,,,,592,7964,0.27454495311638166,7773,1582411.7760000008,16082,249574,22232,0.06443780201463294,283193.04092106275,634566.683685962,1596,13377,0.9760170768458061,2305,2180,0.9458,0,0.0,191,155.46,183,0.8933046902971715,0.5964029447395397,3500.0,dense,6,50,3,False,31.96,0.0,0.0,200,100,2.069,2.0193,0,0,0,0,0,0,0,0,0,0,0,0,0,0,0,0,0,0,0,0,0,0,0,0,0,2106,222,0,0,0,0,0,0,0,0,0,0,0,0,0,0,0,0,0,0,0,7,14,7933,3723,2362,1846,7,0,0.0,0,0,0,0.0,0,0,0,0,0,1390,773,0,0,0,0,0,0,2001,0,934,421,7,0.0,0.0,0.0,"{""CLIENT"": 7773}",7,"{""census_suppress"": 7}",25.286,0.771,0.821,14.714,14.714,15.857,1.0,1.0,0,7773.0,0.0,N3S_SHEP2D_NDB
ADAPTIVE_RELAY,dense,10,50,900,30,3,False,LONG_FAST,6,0,5,40,False,,,relay,,,,636,7831,0.2512835322808369,7484,1692909.5680000007,11575,197171,22502,0.05870538770914587,286007.2872642053,668521.2312533421,1774,13684,0.9556889286170349,2190,1978,0.9032,0,0.0,196,149.68,183,0.8567969560705638,0.5680122269171985,3500.0,dense,10,50,3,False,25.24,0.0,0.0,200,100,1.5466,1.4781,0,0,0,0,0,0,0,0,0,0,0,0,0,0,0,0,0,0,0,0,0,0,0,0,0,1940,188,0,0,0,0,0,0,0,0,0,0,0,0,0,0,0,0,0,0,0,7,14,7801,3866,1884,2049,7,0,0.0,0,0,0,0.0,0,0,0,0,0,1256,827,0,0,0,0,0,0,2058,0,1027,426,3,0.0,0.0,0.0,"{""CLIENT"": 7484}",7,"{""census_suppress"": 7}",3.857,0.0,0.394,1.857,1.857,0.0,0.857,1.0,0,7484.0,0.0,N3S_SHEP2D_NDB
ADAPTIVE_RELAY,dense,9,50,900,30,3,False,LONG_FAST,6,0,5,40,False,,,relay,,,,605,8084,0.2726935402260078,7875,1628278.7840000007,15290,236204,22786,0.06473218065739784,294974.06555266853,673633.6460906228,1662,13851,0.9741464621474517,2304,2190,0.9505,0,0.0,188,157.5,184,0.8828289936664321,0.6231543308567666,3500.0,dense,9,50,3,False,29.16,0.0,0.0,200,100,1.9416,1.8914,0,0,0,0,0,0,0,0,0,0,0,0,0,0,0,0,0,0,0,0,0,0,0,0,0,2158,220,0,0,0,0,0,0,0,0,0,0,0,0,0,0,0,0,0,0,0,22,44,7934,3800,2165,1968,22,0,0.0,0,0,0,0.0,0,0,0,0,0,1382,493,0,0,0,0,0,0,2144,0,956,434,11,0.0,0.0,0.0,"{""CLIENT"": 7875}",22,"{""census_suppress"": 22}",3.409,0.0,0.38,1.909,1.909,0.0,0.591,1.0,0,7875.0,0.0,N3S_SHEP2D_NDB
