router,scenario,seed,nodes,simtime_s,period_s,hop_limit,dms,modem,capture_db,clock_drift_ppm,model,packet_len,movement,kill_at_s,revive_at_s,kill_mode,deaf_at_s,deaf_until_s,ar_params,messages_generated,messages_delivered_pairs,reach,tx_count,tx_airtime_ms,collisions,sensed,received,collision_rate,latency_mean_ms,latency_p95_ms,retransmissions,dropped,tx_per_delivered,one_way_pairs,bidirectional_pairs,bidirectional_reach,conversations,ce_conversations_per_airtime_s,max_tx_per_node,avg_tx_per_node,p95_tx_per_node,reach_gen_first60s,reach_gen_first300s,meta_area_side,meta_scenario,meta_seed,meta_n_nodes,meta_hop_limit,meta_dms,meta_avg_neighbors_t0,tx_start_interarrival_p50_ms,tx_start_interarrival_p95_ms,simultaneous_tx_peak,tx_burst_size_p95,collision_per_tx,collision_per_delivered,variant,adaptive_primary_selected,adaptive_primary_success,adaptive_primary_failure,adaptive_backup1_triggered,adaptive_backup1_success,adaptive_backup2_triggered,adaptive_backup2_success,adaptive_mini_flood_triggered,adaptive_mpr_forward,adaptive_suppressed_forward,adaptive_route_switches,adaptive_primary_flaps,adaptive_sector_candidates,adaptive_sector_primary_selected,adaptive_unique_coverage_preserved,adaptive_cross_sector_suppression,adaptive_same_sector_inhibition,adaptive_segment_fallback,adaptive_confidence_low_time_ms,adaptive_gossip_forwards,ar_cancel_in_air,ar_cancel_residual_empty,ar_cancel_echo,ar_covered_elsewhere,watchdog_false_failure,suppression_regret,unique_relay_suppressed,backup1_useful,backup1_redundant,backup2_useful,backup2_redundant,mini_flood_delivered,topk_evictions,mobility_recommend_mute,mobility_relay_suppressed,shepherd_msgs_tx,collect_hears,collect_ignored_scope,rescues_during_collect,rescue_budget_denied,shepherd_election_cancelled,boost_windows,boost_exits,suppressed_by_census,copies_before_suppress,copies_before_forward,n3_forward_rank0,n3_forward_rank1,n3_forward_rank2,n3_fallback_suppressed,n3_shep_rescues,n4_airtime_granted,n4_starved,neighborinfo_tx,neighborinfo_bytes,neighborinfo_airtime,neighborinfo_full_tx,neighborinfo_delta_tx,neighborinfo_delta_miss,neighborinfo_raw_bytes,neighborinfo_encoded_bytes,known_1hop,known_2hop,unique_bridge_detected,suppression_blocked_unique,suppression_blocked_low_alt,adaptive_inhibition_weak,adaptive_inhibition_medium,adaptive_inhibition_strong,known_2hop_entries,advertised_entries,functional_segments,segment_changes,frontier_suppression_regret,relay_fatigue_mean,relay_fatigue_max,topk_table_high_mean,tx_by_role,death_count,death_reasons,death_mean_local_degree,death_mean_alt_paths,death_mean_confidence,death_mean_residual_cov,death_mean_my_unique_cov,death_mean_segment_count,death_frac_unique_gt0,death_frac_alt_le1,dm_acked,tx_per_successful_hop,fallbacks_per_delivered_dm
MANAGED_FLOOD,dense,1,50,900,30,3,False,LONG_FAST,6,0,5,40,False,300.0,,relay,,,,629,7622,0.24729891956782712,7631,1649127.4240000008,12553,204664,22187,0.061334675370363134,302123.062764825,664275.9701285061,1777,13741,1.0011807924429283,2266,2108,0.9303,0,0.0,191,152.62,183,0.8822055137844611,0.572352017730169,3500.0,dense,1,50,3,False,26.12,0.0,0.0,200,100,1.645,1.6469,MF,,,,,,,,,,,,,,,,,,,,,,,,,,,,,,,,,,,,,,,,,,,,,,,,,,,,,,,,,,,,,,,,,,,,,,,,,,,,,,,,,,,,,,,,,,,
MANAGED_FLOOD,dense,2,50,900,30,3,False,LONG_FAST,6,0,5,40,False,300.0,,relay,,,,608,7787,0.26137889366272826,7730,1603260.4160000007,14295,232389,22042,0.06151323857841808,299064.8213659358,663406.5896542444,1704,13696,0.9926801078720945,2318,2198,0.9482,0,0.0,190,154.6,185,0.9043839758125473,0.5982374768089054,3500.0,dense,2,50,3,False,29.48,0.0,0.0,200,100,1.8493,1.8358,MF,,,,,,,,,,,,,,,,,,,,,,,,,,,,,,,,,,,,,,,,,,,,,,,,,,,,,,,,,,,,,,,,,,,,,,,,,,,,,,,,,,,,,,,,,,,
MANAGED_FLOOD,dense,4,50,900,30,3,False,LONG_FAST,6,0,5,40,False,300.0,,relay,,,,617,7750,0.2563424073032779,7960,1438556.1600000006,12736,263747,23189,0.04828870091413362,299667.7997718646,658788.4979833412,1747,14519,1.0270967741935484,2366,2286,0.9662,0,0.0,197,159.2,186,0.9516250944822373,0.6058554262826626,3500.0,dense,4,50,3,False,31.72,0.0,0.0,200,100,1.6,1.6434,MF,,,,,,,,,,,,,,,,,,,,,,,,,,,,,,,,,,,,,,,,,,,,,,,,,,,,,,,,,,,,,,,,,,,,,,,,,,,,,,,,,,,,,,,,,,,
MANAGED_FLOOD,dense,3,50,900,30,3,False,LONG_FAST,6,0,5,40,False,300.0,,relay,,,,613,8021,0.26703732063787994,7963,1540714.4960000007,13980,245569,22875,0.056929009769148387,296651.8747533936,667698.4340580542,1694,14101,0.9927689814237626,2277,2116,0.9293,0,0.0,192,159.26,184,0.9099854227405247,0.6133734599830716,3500.0,dense,3,50,3,False,30.32,0.0,0.0,200,100,1.7556,1.7429,MF,,,,,,,,,,,,,,,,,,,,,,,,,,,,,,,,,,,,,,,,,,,,,,,,,,,,,,,,,,,,,,,,,,,,,,,,,,,,,,,,,,,,,,,,,,,
MANAGED_FLOOD,dense,5,50,900,30,3,False,LONG_FAST,6,0,5,40,False,300.0,,relay,,,,606,7919,0.26668687276890957,7725,1497974.7840000007,14174,237430,22190,0.05969759508065535,297250.8402809751,654567.3010086771,1709,13682,0.9755019573178432,2356,2268,0.9626,0,0.0,190,154.5,178,0.9323308270676691,0.6109402665175659,3500.0,dense,5,50,3,False,30.12,0.0,0.0,200,50,1.8348,1.7899,MF,,,,,,,,,,,,,,,,,,,,,,,,,,,,,,,,,,,,,,,,,,,,,,,,,,,,,,,,,,,,,,,,,,,,,,,,,,,,,,,,,,,,,,,,,,,
MANAGED_FLOOD,dense,6,50,900,30,3,False,LONG_FAST,6,0,5,40,False,300.0,,relay,,,,600,7594,0.25829931972789116,7780,1479211.0080000006,14462,249944,22289,0.05786096085523157,289787.40675992693,692889.6120878116,1699,13804,1.0244930208058993,2341,2244,0.9586,0,0.0,195,155.6,183,0.926530612244898,0.5703051862947014,3500.0,dense,6,50,3,False,31.96,0.0,0.0,200,100,1.8589,1.9044,MF,,,,,,,,,,,,,,,,,,,,,,,,,,,,,,,,,,,,,,,,,,,,,,,,,,,,,,,,,,,,,,,,,,,,,,,,,,,,,,,,,,,,,,,,,,,
MANAGED_FLOOD,dense,8,50,900,30,3,False,LONG_FAST,6,0,5,40,False,300.0,,relay,,,,626,7764,0.25311338592945165,7746,1617854.4640000006,11656,202540,22470,0.05754912609854843,293559.9872328912,634611.1020913213,1804,13935,0.9976816074188563,2295,2158,0.9403,0,0.0,184,154.92,182,0.8728965270318654,0.5787172011661808,3500.0,dense,8,50,3,False,25.6,0.0,0.0,200,100,1.5048,1.5013,MF,,,,,,,,,,,,,,,,,,,,,,,,,,,,,,,,,,,,,,,,,,,,,,,,,,,,,,,,,,,,,,,,,,,,,,,,,,,,,,,,,,,,,,,,,,,
MANAGED_FLOOD,dense,7,50,900,30,3,False,LONG_FAST,6,0,5,40,False,300.0,,relay,,,,617,8012,0.26500843449211126,7821,1614727.1680000008,13228,227981,22701,0.05802237905790395,296589.8505978158,655919.8854674615,1722,14079,0.9761607588617074,2360,2272,0.9627,0,0.0,196,156.42,183,0.9150874635568513,0.6119627574532117,3500.0,dense,7,50,3,False,28.52,0.0,0.0,200,100,1.6913,1.651,MF,,,,,,,,,,,,,,,,,,,,,,,,,,,,,,,,,,,,,,,,,,,,,,,,,,,,,,,,,,,,,,,,,,,,,,,,,,,,,,,,,,,,,,,,,,,
MANAGED_FLOOD,dense,10,50,900,30,3,False,LONG_FAST,6,0,5,40,False,300.0,,relay,,,,644,7677,0.24328178476359488,7639,1643915.2640000007,11047,200482,22328,0.055102203689109244,292058.7127356997,650227.7329526949,1827,13890,0.9950501497980982,2189,1988,0.9082,0,0.0,190,152.78,185,0.8451794510907812,0.5632832080200502,3500.0,dense,10,50,3,False,25.24,0.0,0.0,200,100,1.4461,1.439,MF,,,,,,,,,,,,,,,,,,,,,,,,,,,,,,,,,,,,,,,,,,,,,,,,,,,,,,,,,,,,,,,,,,,,,,,,,,,,,,,,,,,,,,,,,,,
ADAPTIVE_RELAY,dense,1,50,900,30,3,False,LONG_FAST,6,0,5,40,False,300.0,,relay,,,,619,7889,0.26009693053311794,7421,1709588.4800000007,13659,199633,22352,0.06842055171239224,293284.1289539976,661124.5439192009,1731,13571,0.9406768918747623,2251,2078,0.9231,0,0.0,179,148.42,177,0.8841231407817364,0.584942084942085,3500.0,dense,1,50,3,False,26.12,0.0,0.0,200,100,1.8406,1.7314,N3S_SHEP2D,0,0,0,0,0,0,0,0,0,0,0,0,0,0,0,0,0,0,0,0,0,0,0,0,0,0,0,0,0,0,0,0,0,0,0,0,0,0,0,0,0,0,0,9,18,7668,3577,2039,2048,9,0,0.0,0,0,0,0.0,0,0,0,0,0,1237,457,0,0,0,0,0,0,2082,0,913,422,3,0.0,0.0,0.0,"{""CLIENT"": 7421}",9,"{""census_suppress"": 9}",5.333,0.0,0.411,2.444,2.444,0.0,1.0,1.0,0,7421.0,0.0
MANAGED_FLOOD,dense,9,50,900,30,3,False,LONG_FAST,6,0,5,40,False,300.0,,relay,,,,607,7776,0.26143966647614564,7794,1581369.3440000007,14522,233099,22380,0.0622997095654636,299591.8222990382,680584.9249184101,1691,13910,1.0023148148148149,2370,2294,0.9679,0,0.0,190,155.88,183,0.9338624338624338,0.6155025390437865,3500.0,dense,9,50,3,False,29.16,0.0,0.0,200,100,1.8632,1.8675,MF,,,,,,,,,,,,,,,,,,,,,,,,,,,,,,,,,,,,,,,,,,,,,,,,,,,,,,,,,,,,,,,,,,,,,,,,,,,,,,,,,,,,,,,,,,,
ADAPTIVE_RELAY,dense,2,50,900,30,3,False,LONG_FAST,6,0,5,40,False,300.0,,relay,,,,602,8104,0.2747304902027256,7746,1626193.9200000006,14417,233207,22836,0.061820614304030325,291767.93115280545,652569.3955134791,1659,13831,0.9558242843040474,2306,2184,0.9471,0,0.0,193,154.92,181,0.9013605442176871,0.6133786848072562,3500.0,dense,2,50,3,False,29.48,0.0,0.0,200,100,1.8612,1.779,N3S_SHEP2D,0,0,0,0,0,0,0,0,0,0,0,0,0,0,0,0,0,0,0,0,0,0,0,0,0,0,0,0,0,0,0,0,0,0,0,0,0,0,0,0,0,0,0,5,10,7941,3831,1931,2179,5,0,0.0,0,0,0,0.0,0,0,0,0,0,1436,778,0,0,0,0,0,0,2116,0,1040,432,2,0.0,0.0,0.0,"{""CLIENT"": 7746}",5,"{""census_suppress"": 5}",14.0,0.36,0.588,13.4,13.4,7.2,1.0,1.0,0,7746.0,0.0
ADAPTIVE_RELAY,dense,3,50,900,30,3,False,LONG_FAST,6,0,5,40,False,300.0,,relay,,,,613,7975,0.2655058760861604,7777,1617854.4640000006,15374,239309,22660,0.06424330050269735,277140.2383036925,669631.0971338833,1696,13599,0.9751724137931035,2293,2150,0.9376,0,0.0,195,155.54,182,0.8664192949907236,0.5738851095993953,3500.0,dense,3,50,3,False,30.32,0.0,0.0,200,100,1.9769,1.9278,N3S_SHEP2D,0,0,0,0,0,0,0,0,0,0,0,0,0,0,0,0,0,0,0,0,0,0,0,0,0,0,0,0,0,0,0,0,0,0,0,0,0,0,0,0,0,0,0,6,12,7935,3743,2266,1924,6,0,0.0,0,0,0,0.0,0,0,0,0,0,1245,479,0,0,0,0,0,0,2052,0,1029,429,1,0.0,0.0,0.0,"{""CLIENT"": 7777}",6,"{""census_suppress"": 6}",7.667,0.15,0.446,5.5,5.5,4.333,0.5,1.0,0,7777.0,0.0
ADAPTIVE_RELAY,dense,4,50,900,30,3,False,LONG_FAST,6,0,5,40,False,300.0,,relay,,,,616,7915,0.2622250198780811,7911,1514653.6960000007,13938,261508,23014,0.05329856065588816,297745.1843590372,697303.192476276,1660,14099,0.9994946304485155,2351,2260,0.9613,0,0.0,194,158.22,184,0.885932944606414,0.6004100270245084,3500.0,dense,4,50,3,False,31.72,0.0,0.0,200,100,1.7619,1.761,N3S_SHEP2D,0,0,0,0,0,0,0,0,0,0,0,0,0,0,0,0,0,0,0,0,0,0,0,0,0,0,0,0,0,0,0,0,0,0,0,0,0,0,0,0,0,0,0,21,42,7938,4019,1928,1990,21,0,0.0,0,0,0,0.0,0,0,0,0,0,1516,1111,0,0,0,0,0,0,2115,0,1049,439,14,0.0,0.0,0.0,"{""CLIENT"": 7911}",21,"{""census_suppress"": 21}",17.619,0.429,0.573,13.238,13.238,9.762,0.667,1.0,0,7911.0,0.0
ADAPTIVE_RELAY,dense,5,50,900,30,3,False,LONG_FAST,6,0,5,40,False,300.0,,relay,,,,595,8015,0.27490996398559425,7654,1563648.0000000007,14731,235903,22894,0.06244515754356664,289156.9859504909,666614.7235083329,1685,14029,0.95495945102932,2353,2262,0.9613,0,0.0,192,153.08,183,0.9495361781076067,0.6072604156870122,3500.0,dense,5,50,3,False,30.12,0.0,0.0,200,100,1.9246,1.8379,N3S_SHEP2D,0,0,0,0,0,0,0,0,0,0,0,0,0,0,0,0,0,0,0,0,0,0,0,0,0,0,0,0,0,0,0,0,0,0,0,0,0,0,0,0,0,0,0,1,2,7931,3650,2334,1947,1,0,0.0,0,0,0,0.0,0,0,0,0,0,1432,613,0,0,0,0,0,0,2127,0,1152,437,,0.0,0.0,0.0,"{""CLIENT"": 7654}",1,"{""census_suppress"": 1}",2.0,0.0,0.365,0.0,0.0,0.0,0.0,1.0,0,7654.0,0.0
ADAPTIVE_RELAY,dense,6,50,900,30,3,False,LONG_FAST,6,0,5,40,False,300.0,,relay,,,,590,7806,0.2700103770321688,7564,1554266.1120000007,15866,242682,22181,0.06537773712100609,276952.58981898363,648430.2203282684,1619,13615,0.9689982065078145,2349,2270,0.9664,0,0.0,195,151.28,179,0.9047619047619048,0.5734787065511135,3500.0,dense,6,50,3,False,31.96,0.0,0.0,200,100,2.0976,2.0325,N3S_SHEP2D,0,0,0,0,0,0,0,0,0,0,0,0,0,0,0,0,0,0,0,0,0,0,0,0,0,0,0,0,0,0,0,0,0,0,0,0,0,0,0,0,0,0,0,1,2,7729,3553,2277,1899,1,0,0.0,0,0,0,0.0,0,0,0,0,0,1445,869,0,0,0,0,0,0,1982,0,936,421,1,0.0,0.0,0.0,"{""CLIENT"": 7564}",1,"{""census_suppress"": 1}",13.0,0.0,0.722,15.0,15.0,0.0,1.0,1.0,0,7564.0,0.0
ADAPTIVE_RELAY,dense,8,50,900,30,3,False,LONG_FAST,6,0,5,40,False,300.0,,relay,,,,625,7878,0.2572408163265306,7482,1722097.6640000008,13156,196570,22688,0.06692781197537773,291461.10097822855,653263.9189159097,1733,13989,0.9497334348819497,2295,2164,0.9429,0,0.0,195,149.64,175,0.8857858933046903,0.5802141484396449,3500.0,dense,8,50,3,False,25.6,0.0,0.0,200,100,1.7584,1.67,N3S_SHEP2D,0,0,0,0,0,0,0,0,0,0,0,0,0,0,0,0,0,0,0,0,0,0,0,0,0,0,0,0,0,0,0,0,0,0,0,0,0,0,0,0,0,0,0,14,28,7667,3850,1784,2033,14,0,0.0,0,0,0,0.0,0,0,0,0,0,1242,951,0,0,0,0,0,0,2129,0,940,432,6,0.0,0.0,0.0,"{""CLIENT"": 7482}",14,"{""census_suppress"": 14}",5.714,0.064,0.414,2.857,2.857,1.857,0.857,1.0,0,7482.0,0.0
ADAPTIVE_RELAY,dense,7,50,900,30,3,False,LONG_FAST,6,0,5,40,False,300.0,,relay,,,,610,7994,0.2674473067915691,7535,1676230.6560000007,14230,219274,22816,0.06489597489898483,286720.93344111927,652555.5097101004,1674,13985,0.9425819364523392,2294,2158,0.9407,0,0.0,184,150.7,177,0.9202569916855631,0.608765165052196,3500.0,dense,7,50,3,False,28.52,0.0,0.0,200,100,1.8885,1.7801,N3S_SHEP2D,0,0,0,0,0,0,0,0,0,0,0,0,0,0,0,0,0,0,0,0,0,0,0,0,0,0,0,0,0,0,0,0,0,0,0,0,0,0,0,0,0,0,0,8,16,7790,3915,1969,1904,8,0,0.0,0,0,0,0.0,0,0,0,0,0,1354,659,0,0,0,0,0,0,2121,0,993,431,2,0.0,0.0,0.0,"{""CLIENT"": 7535}",8,"{""census_suppress"": 8}",7.0,0.113,0.467,2.75,2.75,2.375,1.0,1.0,0,7535.0,0.0
ADAPTIVE_RELAY,dense,10,50,900,30,3,False,LONG_FAST,6,0,5,40,False,300.0,,relay,,,,635,7774,0.24984734051100754,7411,1684570.1120000007,11623,194978,22598,0.05961185364502662,282730.59442913055,633212.4305611245,1768,13874,0.9533058914329817,2192,1996,0.9106,0,0.0,185,148.22,180,0.8419232099619509,0.5646857862087566,3500.0,dense,10,50,3,False,25.24,0.0,0.0,200,100,1.5683,1.4951,N3S_SHEP2D,0,0,0,0,0,0,0,0,0,0,0,0,0,0,0,0,0,0,0,0,0,0,0,0,0,0,0,0,0,0,0,0,0,0,0,0,0,0,0,0,0,0,0,7,14,7699,3835,1888,1975,7,0,0.0,0,0,0,0.0,0,0,0,0,0,1268,733,0,0,0,0,0,0,2046,0,1039,429,3,0.0,0.0,0.0,"{""CLIENT"": 7411}",7,"{""census_suppress"": 7}",3.857,0.0,0.394,1.857,1.857,0.0,0.857,1.0,0,7411.0,0.0
ADAPTIVE_RELAY,dense,9,50,900,30,3,False,LONG_FAST,6,0,5,40,False,300.0,,relay,,,,606,8061,0.27146898363305716,7676,1598048.2560000008,14652,230857,22547,0.06346786105684471,293936.45313453075,687286.0976723575,1649,13754,0.9522391762808584,2331,2232,0.9575,0,0.0,187,153.52,182,0.8852920478536243,0.6233424245274146,3500.0,dense,9,50,3,False,29.16,0.0,0.0,200,100,1.9088,1.8176,N3S_SHEP2D,0,0,0,0,0,0,0,0,0,0,0,0,0,0,0,0,0,0,0,0,0,0,0,0,0,0,0,0,0,0,0,0,0,0,0,0,0,0,0,0,0,0,0,22,44,7786,3624,2210,1952,22,0,0.0,0,0,0,0.0,0,0,0,0,0,1453,446,0,0,0,0,0,0,2151,0,1038,427,11,0.0,0.0,0.0,"{""CLIENT"": 7676}",22,"{""census_suppress"": 22}",3.409,0.0,0.38,1.909,1.909,0.0,0.591,1.0,0,7676.0,0.0
