router,scenario,seed,nodes,simtime_s,period_s,hop_limit,dms,modem,capture_db,clock_drift_ppm,model,packet_len,movement,kill_at_s,revive_at_s,kill_mode,deaf_at_s,deaf_until_s,ar_params,messages_generated,messages_delivered_pairs,reach,tx_count,tx_airtime_ms,collisions,sensed,received,collision_rate,latency_mean_ms,latency_p95_ms,retransmissions,dropped,tx_per_delivered,one_way_pairs,bidirectional_pairs,bidirectional_reach,conversations,ce_conversations_per_airtime_s,max_tx_per_node,avg_tx_per_node,p95_tx_per_node,reach_gen_first60s,reach_gen_first300s,meta_n_per_cluster,meta_scenario,meta_seed,meta_n_nodes,meta_hop_limit,meta_dms,meta_avg_neighbors_t0,tx_start_interarrival_p50_ms,tx_start_interarrival_p95_ms,simultaneous_tx_peak,tx_burst_size_p95,collision_per_tx,collision_per_delivered,adaptive_primary_selected,adaptive_primary_success,adaptive_primary_failure,adaptive_backup1_triggered,adaptive_backup1_success,adaptive_backup2_triggered,adaptive_backup2_success,adaptive_mini_flood_triggered,adaptive_mpr_forward,adaptive_suppressed_forward,adaptive_route_switches,adaptive_primary_flaps,adaptive_sector_candidates,adaptive_sector_primary_selected,adaptive_unique_coverage_preserved,adaptive_cross_sector_suppression,adaptive_same_sector_inhibition,adaptive_segment_fallback,adaptive_confidence_low_time_ms,adaptive_gossip_forwards,ar_cancel_in_air,ar_cancel_residual_empty,ar_cancel_echo,ar_covered_elsewhere,watchdog_false_failure,ndb_entries,ndb_census_shield,ndb_radius_scaled,suppression_regret,unique_relay_suppressed,backup1_useful,backup1_redundant,backup2_useful,backup2_redundant,mini_flood_delivered,topk_evictions,mobility_recommend_mute,mobility_relay_suppressed,shepherd_msgs_tx,collect_hears,collect_ignored_scope,rescues_during_collect,rescue_budget_denied,shepherd_election_cancelled,boost_windows,boost_exits,suppressed_by_census,copies_before_suppress,copies_before_forward,n3_forward_rank0,n3_forward_rank1,n3_forward_rank2,n3_fallback_suppressed,n3_shep_rescues,n4_airtime_granted,n4_starved,neighborinfo_tx,neighborinfo_bytes,neighborinfo_airtime,neighborinfo_full_tx,neighborinfo_delta_tx,neighborinfo_delta_miss,neighborinfo_raw_bytes,neighborinfo_encoded_bytes,known_1hop,known_2hop,unique_bridge_detected,suppression_blocked_unique,suppression_blocked_low_alt,adaptive_inhibition_weak,adaptive_inhibition_medium,adaptive_inhibition_strong,probe_tx,probe_airtime,probe_responses,asymmetric_link_suppression,known_2hop_entries,advertised_entries,functional_segments,segment_changes,probe_responses_received,asym_suppressed_but_lost,frontier_suppression_regret,relay_fatigue_mean,relay_fatigue_max,topk_table_high_mean,tx_by_role,death_count,death_reasons,death_mean_local_degree,death_mean_alt_paths,death_mean_confidence,death_mean_residual_cov,death_mean_my_unique_cov,death_mean_segment_count,death_frac_unique_gt0,death_frac_alt_le1,dm_acked,tx_per_successful_hop,fallbacks_per_delivered_dm,variant,client_repeats,meta_hub_id,cef_frontier_rescued,meta_spacing_m,meta_area_side,meta_roles_mixed
ADAPTIVE_RELAY,bridge,4,25,600,30,5,True,LONG_FAST,6,0,5,40,False,,,relay,,,,269,2880,0.44609665427509293,2528,838367.2320000004,911,32136,10782,0.028348269853124223,169477.04582708725,361274.74371328537,615,3383,0.8777777777777778,464,392,0.8448,30,0.035784,136,101.12,121,0.4976190476190476,0.4525122549019608,12,bridge,4,25,5,True,12.56,0.0,0.0,50,25,0.3604,0.3163,212,6,380,129,115,0,0,140,0,0,6,0,0,0,0,0,0,345,0,0,0,0,13,1,1,0,0,0,0,0,37,76,0,0,31,0,0,0,0,0,0,0,0,0,0,0,3,6,293,112,111,67,2,0,0.0,0,0,0,0.0,0,0,0,0,0,322,0,0,0,0,0,0,0,188,156993.53599999993,45,606,0,0,320,69,23,35,3,0.0,0.0,0.0,"{""CLIENT"": 2528}",3,"{""census_suppress"": 3}",12.0,0.533,0.825,12.0,12.0,7.0,1.0,1.0,30,421.3333,28.8333,N3S_SHEP2D,,,,,,
ADAPTIVE_RELAY,bridge,1,25,600,30,5,True,LONG_FAST,6,0,5,40,False,,,relay,,,,262,2992,0.4758269720101781,2527,823537.6640000005,1532,32909,10495,0.04655261478622869,182473.39649865776,380732.54802902136,613,3291,0.8445855614973262,482,412,0.8548,23,0.027928,143,101.08,120,0.4921875,0.4675595238095238,12,bridge,1,25,5,True,12.72,0.0,0.0,75,25,0.6063,0.512,211,8,361,129,116,0,0,143,0,0,5,0,0,0,0,0,0,327,0,0,0,0,12,5,1,0,0,0,0,0,40,76,0,0,34,0,0,0,0,0,0,0,0,0,0,0,1,2,400,205,123,71,1,0,0.0,0,0,0,0.0,0,0,0,0,0,322,0,0,0,0,0,0,0,194,159014.91199999995,42,504,0,0,319,64,22,34,1,0.0,0.0,0.0,"{""CLIENT"": 2527}",1,"{""census_suppress"": 1}",2.0,0.0,0.365,1.0,1.0,0.0,1.0,1.0,23,315.875,36.1304,N3S_SHEP2D,,,,,,
ADAPTIVE_RELAY,bridge,3,25,600,30,5,True,LONG_FAST,6,0,5,40,False,,,relay,,,,268,2969,0.46159825870646765,2583,871774.2080000004,945,31962,11102,0.02956636005256242,167380.60432344116,350258.7601427411,614,3552,0.86998989558774,398,336,0.8442,29,0.033265,143,103.32,116,0.508578431372549,0.4616071428571429,12,bridge,3,25,5,True,12.24,0.0,0.0,75,25,0.3659,0.3183,214,5,426,148,133,0,0,162,0,0,7,2,0,0,0,0,0,396,0,0,0,0,15,9,3,0,0,0,0,0,46,85,0,0,43,0,0,0,0,0,0,0,0,0,0,0,0,0,216,73,77,65,0,0,0.0,0,0,0,0.0,0,0,0,0,0,316,0,0,0,0,0,0,0,192,161036.28799999994,47,836,0,0,315,70,28,30,,0.0,0.0,0.0,"{""CLIENT"": 2583}",,,,,,,,,,,29,516.6,33.931,N3S_SHEP2D,,,,,,
ADAPTIVE_RELAY,bridge,2,25,600,30,5,True,LONG_FAST,6,0,5,40,False,,,relay,,,,263,2951,0.46752217997465145,2624,869953.5360000004,1451,33900,10836,0.0428023598820059,168802.86547795477,369303.0805396432,607,3499,0.8891901050491359,442,380,0.8597,28,0.032186,144,104.96,122,0.5189393939393939,0.44364508393285373,12,bridge,2,25,5,True,12.56,0.0,0.0,75,25,0.553,0.4917,211,4,421,138,127,0,0,153,0,0,15,1,0,0,0,0,0,388,0,0,0,0,11,11,4,0,0,0,0,0,42,84,0,0,39,0,0,0,0,0,0,0,0,0,0,0,0,0,334,136,100,98,0,0,0.0,0,0,0,0.0,0,0,0,0,0,310,0,0,0,0,0,0,0,188,158341.11999999997,47,858,0,0,308,68,26,33,,0.0,0.0,0.0,"{""CLIENT"": 2624}",,,,,,,,,,,28,656.0,34.3571,N3S_SHEP2D,,,,,,
ADAPTIVE_RELAY,bridge,5,25,600,30,5,True,LONG_FAST,6,0,5,40,False,,,relay,,,,268,3028,0.47077114427860695,2712,856705.0240000004,1025,33485,10942,0.030610721218456025,175347.1319207817,375460.6317264586,620,3445,0.8956406869220608,515,452,0.8777,25,0.029182,159,108.48,134,0.48928571428571427,0.45169082125603865,12,bridge,5,25,5,True,12.4,0.0,0.0,75,50,0.3779,0.3385,214,1,393,134,112,0,0,154,0,0,9,3,0,0,0,0,0,372,0,0,0,0,21,2,1,0,0,0,0,0,35,75,0,0,37,0,0,0,0,0,0,0,0,0,0,0,0,0,442,195,109,137,0,0,0.0,0,0,0,0.0,0,0,0,0,0,310,0,0,0,0,0,0,0,193,162383.87199999994,48,727,0,0,307,63,24,21,,0.0,0.0,0.0,"{""CLIENT"": 2712}",,,,,,,,,,,25,2712.0,36.76,N3S_SHEP2D,,,,,,
ADAPTIVE_RELAY,bridge,8,25,600,30,5,True,LONG_FAST,6,0,5,40,False,,,relay,,,,266,2988,0.4680451127819549,2519,844957.6960000005,876,31958,10991,0.027410976907190687,171398.22719308897,371778.1881288667,606,3558,0.8430388219544847,462,390,0.8442,29,0.034321,137,100.76,118,0.5049019607843137,0.45863095238095236,12,bridge,8,25,5,True,12.48,0.0,0.0,50,25,0.3478,0.2932,212,3,382,136,117,0,0,144,0,0,8,0,0,0,0,0,0,350,0,0,0,0,19,8,9,0,0,0,0,0,44,72,0,0,41,0,0,0,0,0,0,0,0,0,0,0,0,0,325,125,88,112,0,0,0.0,0,0,0,0.0,0,0,0,0,0,309,0,0,0,0,0,0,0,189,156993.5359999999,44,635,0,0,308,75,23,32,,0.0,0.0,0.0,"{""CLIENT"": 2519}",,,,,,,,,,,29,839.6667,30.2069,N3S_SHEP2D,,,,,,
ADAPTIVE_RELAY,bridge,6,25,600,30,5,True,LONG_FAST,6,0,5,40,False,,,relay,,,,268,3085,0.47963308457711445,2614,851314.6880000004,1092,33285,11016,0.032807570977917984,164224.1070448443,378046.60647365695,581,3655,0.8473257698541329,455,378,0.8308,29,0.034065,150,104.56,123,0.5197368421052632,0.45713429256594723,12,bridge,6,25,5,True,12.48,0.0,0.0,75,25,0.4178,0.354,215,9,363,136,121,0,0,131,0,0,8,1,0,0,0,0,0,325,0,0,0,0,15,11,4,0,0,0,0,0,45,76,0,0,35,0,0,0,0,0,0,0,0,0,0,0,3,6,332,120,128,83,3,0,0.0,0,0,0,0.0,0,0,0,0,0,308,0,0,0,0,0,0,0,193,161710.07999999993,47,654,0,0,306,69,24,38,3,0.0,0.0,0.0,"{""CLIENT"": 2614}",3,"{""census_suppress"": 3}",4.667,0.0,0.426,4.333,4.333,0.0,1.0,1.0,29,290.4444,28.2414,N3S_SHEP2D,,,,,,
ADAPTIVE_RELAY,bridge,7,25,600,30,5,True,LONG_FAST,6,0,5,40,False,,,relay,,,,276,3166,0.47795893719806765,2750,866971.6480000005,958,33771,11140,0.028367534274969648,170849.88716656805,365631.92771328485,615,3441,0.868603916614024,504,440,0.873,28,0.032296,155,110.0,125,0.5196078431372549,0.45955882352941174,12,bridge,7,25,5,True,12.32,0.0,0.0,75,25,0.3484,0.3026,216,5,397,148,130,0,0,150,0,0,5,0,0,0,0,0,0,363,0,0,0,0,18,9,3,0,0,0,0,0,46,81,0,0,41,0,0,0,0,0,0,0,0,0,0,0,2,4,437,129,129,179,2,0,0.0,0,0,0,0.0,0,0,0,0,0,308,0,0,0,0,0,0,0,197,170469.37599999993,56,617,0,0,308,61,26,34,2,0.0,0.0,0.0,"{""CLIENT"": 2750}",2,"{""census_suppress"": 2}",10.0,0.0,0.724,10.0,10.0,0.0,1.0,1.0,28,550.0,32.5,N3S_SHEP2D,,,,,,
ADAPTIVE_RELAY,bridge,9,25,600,30,5,True,LONG_FAST,6,0,5,40,False,,,relay,,,,272,2971,0.45511642156862747,2553,845430.7840000005,802,31381,10920,0.025556865619323795,173897.39419150012,366907.1585292644,604,3355,0.8593066307640526,461,386,0.8373,27,0.031936,132,102.12,124,0.5110294117647058,0.45774647887323944,12,bridge,9,25,5,True,12.4,0.0,0.0,75,25,0.3141,0.2699,214,6,368,139,119,0,0,142,0,0,6,2,0,0,0,0,0,334,0,0,0,0,20,27,4,0,0,0,0,0,38,77,0,0,32,0,0,0,0,0,0,0,0,0,0,0,0,0,357,83,133,139,0,0,0.0,0,0,0,0.0,0,0,0,0,0,316,0,0,0,0,0,0,0,190,161036.2879999999,49,665,0,0,315,59,27,34,,0.0,0.0,0.0,"{""CLIENT"": 2553}",,,,,,,,,,,27,425.5,32.037,N3S_SHEP2D,21,,,,,
ADAPTIVE_RELAY,hub,1,26,600,30,5,True,LONG_FAST,6,0,5,40,False,,,relay,,,,301,2684,0.3566777408637874,2989,1643446.2720000013,3001,19641,6690,0.15279262766661575,142494.96995489445,407870.8559484506,512,2100,1.1136363636363635,592,546,0.9223,18,0.010953,154,114.96153846153847,136,0.3025,0.23972972972972972,,hub,1,26,5,True,5.15,0.0,0.0,182,52,1.004,1.1181,253,12,264,113,80,0,0,115,0,0,14,0,0,0,0,0,0,215,0,0,0,0,33,37,22,0,0,0,0,0,29,51,0,0,25,0,0,0,0,0,0,0,0,0,0,0,8,16,1187,462,423,297,8,0,0.0,0,0,0,0.0,0,0,0,0,0,203,0,0,0,0,0,0,0,235,175859.7119999999,26,382,0,0,191,36,13,50,8,0.0,0.0,0.0,"{""CLIENT"": 2989}",8,"{""census_suppress"": 8}",5.875,0.247,0.61,5.75,5.75,4.375,1.0,1.0,18,249.0833,33.1667,N3S_SHEP2D,3,0,,,,
ADAPTIVE_RELAY,bridge,10,25,600,30,5,True,LONG_FAST,6,0,5,40,False,,,relay,,,,270,2951,0.4554012345679012,2678,848326.6560000004,798,33202,10965,0.02403469670501777,177706.3700953637,386274.8637029894,610,3301,0.9074889867841409,478,410,0.8577,29,0.034185,132,107.12,126,0.49421296296296297,0.46785714285714286,12,bridge,10,25,5,True,12.32,0.0,0.0,75,25,0.298,0.2704,215,7,393,136,121,0,0,145,0,0,10,1,0,0,0,0,0,359,0,0,0,0,15,7,3,0,0,0,0,0,40,80,0,0,37,0,0,0,0,0,0,0,0,0,0,0,0,0,355,160,91,101,0,0,0.0,0,0,0,0.0,0,0,0,0,0,319,0,0,0,0,0,0,0,190,158341.11999999994,45,723,0,0,317,64,25,34,,0.0,0.0,0.0,"{""CLIENT"": 2678}",,,,,,,,,,,29,382.5714,30.931,N3S_SHEP2D,,,,,,
ADAPTIVE_RELAY,hub,2,26,600,30,5,True,LONG_FAST,6,0,5,40,False,,,relay,,,,298,2725,0.36577181208053694,3048,1677619.2000000014,3288,20157,6821,0.16311951183211787,133836.76741784668,392527.73985323956,516,2166,1.1185321100917431,600,554,0.9233,22,0.013114,143,117.23076923076923,140,0.28,0.2367785234899329,,hub,2,26,5,True,5.08,0.0,0.0,156,52,1.0787,1.2066,248,11,301,123,91,0,0,122,0,0,12,1,0,0,0,0,0,250,0,0,0,0,32,36,13,0,0,0,0,0,29,61,0,0,15,0,0,0,0,0,0,0,0,0,0,0,9,18,1187,452,436,299,9,0,0.0,0,0,0,0.0,0,0,0,0,0,205,0,0,0,0,0,0,0,229,172490.75199999992,27,385,0,0,192,42,16,51,9,0.0,0.0,0.0,"{""CLIENT"": 3048}",9,"{""census_suppress"": 9}",2.778,0.132,0.607,2.667,2.667,1.444,0.889,1.0,22,277.0909,30.7727,N3S_SHEP2D,4,0,,,,
ADAPTIVE_RELAY,hub,3,26,600,30,5,True,LONG_FAST,6,0,5,40,False,,,relay,,,,297,2691,0.3624242424242424,2969,1651732.4800000014,3036,19323,6815,0.15711845986648035,139970.36604999547,394304.711076763,522,2156,1.103307320698625,612,584,0.9542,14,0.008476,141,114.1923076923077,134,0.27294117647058824,0.22648648648648648,,hub,3,26,5,True,5.08,0.0,0.0,156,52,1.0226,1.1282,248,8,286,110,73,0,0,121,0,0,7,0,0,0,0,0,0,236,0,0,0,0,35,37,15,0,0,0,0,0,21,52,0,0,17,0,0,0,2,3,0,0,0,0,0,0,9,18,1211,487,388,335,9,0,0.0,0,0,0,0.0,0,0,0,0,0,207,0,0,0,0,0,0,0,221,167100.41599999997,27,430,0,0,188,38,14,50,9,0.0,0.0,0.0,"{""CLIENT"": 2969}",9,"{""census_suppress"": 9}",1.778,0.118,0.552,1.778,1.778,0.444,0.889,1.0,14,371.125,47.0714,N3S_SHEP2D,16,0,,,,
ADAPTIVE_RELAY,hub,4,26,600,30,5,True,LONG_FAST,6,0,5,40,False,,,relay,,,,298,2711,0.36389261744966445,3030,1645699.0720000013,3072,20108,6793,0.15277501491943504,138747.87872983047,388528.20287749334,512,2150,1.117668756916267,590,540,0.9153,15,0.009115,162,116.53846153846153,146,0.265,0.23842105263157895,,hub,4,26,5,True,5.0,0.0,0.0,182,52,1.0139,1.1332,251,9,304,113,91,0,0,131,0,0,6,0,0,0,0,0,0,252,0,0,0,0,21,28,10,0,0,0,0,0,25,64,0,0,17,0,0,0,0,0,0,0,0,0,0,0,9,18,1191,483,387,318,9,0,0.0,0,0,0,0.0,0,0,0,0,0,207,0,0,0,0,0,0,0,230,171143.16799999995,24,460,0,0,193,40,12,52,9,0.0,0.0,0.0,"{""CLIENT"": 3030}",9,"{""census_suppress"": 9}",1.778,0.0,0.561,1.778,1.778,0.0,0.889,1.0,15,336.6667,46.2667,N3S_SHEP2D,7,0,,,,
ADAPTIVE_RELAY,hub,5,26,600,30,5,True,LONG_FAST,6,0,5,40,False,,,relay,,,,295,2729,0.37003389830508476,3073,1662191.6160000013,3121,20191,6807,0.15457382001882028,142832.13400786283,386983.45111805963,519,2202,1.1260534994503482,602,562,0.9336,21,0.012634,157,118.1923076923077,151,0.2670967741935484,0.22483660130718955,,hub,5,26,5,True,5.0,0.0,0.0,156,52,1.0156,1.1436,249,14,284,111,86,0,0,129,0,0,13,0,0,0,0,0,0,229,0,0,0,0,25,32,25,0,0,0,0,0,30,55,0,0,26,0,0,0,1,2,0,0,0,0,0,0,9,18,1264,513,426,325,9,0,0.0,0,0,0,0.0,0,0,0,0,0,203,0,0,0,0,0,0,0,230,171816.95999999996,25,428,0,0,193,44,16,56,9,0.0,0.0,0.0,"{""CLIENT"": 3073}",9,"{""census_suppress"": 9}",1.556,0.0,0.503,1.556,1.556,0.0,0.778,1.0,21,219.5,31.1905,N3S_SHEP2D,13,0,,,,
ADAPTIVE_RELAY,hub,6,26,600,30,5,True,LONG_FAST,6,0,5,40,False,,,relay,,,,292,2683,0.36753424657534245,3040,1660366.8480000014,3023,19998,6757,0.15116511651165115,149375.7828961819,416470.44571553875,515,2158,1.1330600074543422,588,540,0.9184,16,0.009636,153,116.92307692307692,147,0.31882352941176473,0.24756756756756756,,hub,6,26,5,True,5.0,0.0,0.0,156,52,0.9944,1.1267,244,8,320,127,99,0,0,132,0,0,14,0,0,0,0,0,0,269,0,0,0,0,28,47,13,0,0,0,0,0,26,72,0,0,20,0,0,0,0,0,0,0,0,0,0,0,10,20,1212,490,384,336,10,0,0.0,0,0,0,0.0,0,0,0,0,0,207,0,0,0,0,0,0,0,224,168447.99999999994,26,428,0,0,192,40,11,51,10,0.0,0.0,0.0,"{""CLIENT"": 3040}",10,"{""census_suppress"": 10}",3.0,0.064,0.543,2.9,2.9,1.1,0.9,1.0,16,380.0,46.125,N3S_SHEP2D,17,0,,,,
ADAPTIVE_RELAY,hub,7,26,600,30,5,True,LONG_FAST,6,0,5,40,False,,,relay,,,,302,2741,0.36304635761589404,3014,1637464.0640000014,2869,19864,6874,0.1444321385420862,141340.79481362598,396738.16282589425,505,2151,1.099598686610726,600,564,0.94,20,0.012214,151,115.92307692307692,143,0.2825,0.23372549019607844,,hub,7,26,5,True,5.0,0.0,0.0,156,52,0.9519,1.0467,255,16,279,121,93,0,0,133,0,0,13,0,0,0,0,0,0,247,0,0,0,0,28,32,13,0,0,0,0,0,29,61,0,0,19,0,0,0,1,2,0,0,0,0,0,0,14,28,1242,489,403,349,14,0,0.0,0,0,0,0.0,0,0,0,0,0,209,0,0,0,0,0,0,0,231,171816.95999999993,24,376,0,0,199,40,16,32,14,0.0,0.0,0.0,"{""CLIENT"": 3014}",14,"{""census_suppress"": 14}",3.357,0.043,0.506,3.286,3.286,0.786,1.0,1.0,20,188.375,33.0,N3S_SHEP2D,1,0,,,,
ADAPTIVE_RELAY,hub,9,26,600,30,5,True,LONG_FAST,6,0,5,40,False,,,relay,,,,298,2674,0.35892617449664427,3008,1663064.0640000014,3096,19775,6753,0.15656131479140328,137845.02648536582,407510.9710914537,502,2162,1.12490650710546,604,566,0.9371,19,0.011425,145,115.6923076923077,135,0.2872727272727273,0.24794520547945206,,hub,9,26,5,True,5.0,0.0,0.0,156,52,1.0293,1.1578,250,17,307,122,98,0,0,121,0,0,12,2,0,0,0,0,0,251,0,0,0,0,24,47,24,0,0,0,0,0,30,67,0,0,24,0,0,0,3,3,0,2,0,0,0,0,14,28,1177,471,375,328,14,2,0.0,0,0,0,0.0,0,0,0,0,0,207,0,0,0,0,0,0,0,224,167100.41599999994,24,406,0,0,196,36,14,56,14,0.0,0.0,0.0,"{""CLIENT"": 3008}",14,"{""census_suppress"": 14}",2.714,0.099,0.506,2.643,2.643,1.0,0.786,1.0,19,176.9412,36.4737,N3S_SHEP2D,14,0,2,,,
ADAPTIVE_RELAY,hub,8,26,600,30,5,True,LONG_FAST,6,0,5,40,False,,,relay,,,,299,2718,0.3636120401337793,3119,1678821.3760000013,3213,20620,6797,0.155819592628516,139835.10743261484,399661.58862846857,501,2200,1.1475349521707137,582,540,0.9278,19,0.011317,155,119.96153846153847,149,0.3,0.23919463087248322,,hub,8,26,5,True,5.0,0.0,0.0,182,52,1.0301,1.1821,254,16,305,106,87,0,0,130,0,0,18,2,0,0,0,0,0,263,0,0,0,0,19,34,13,0,0,0,0,0,23,63,0,0,18,0,0,0,1,1,0,0,0,0,0,0,10,20,1220,479,428,312,10,0,0.0,0,0,0,0.0,0,0,0,0,0,203,0,0,0,0,0,0,0,234,173838.33599999995,24,415,0,0,190,41,13,42,10,0.0,0.0,0.0,"{""CLIENT"": 3119}",10,"{""census_suppress"": 10}",3.0,0.121,0.622,3.0,3.0,1.4,1.0,1.0,19,194.9375,37.2632,N3S_SHEP2D,10,0,,,,
ADAPTIVE_RELAY,hub,10,26,600,30,5,True,LONG_FAST,6,0,5,40,False,,,relay,,,,285,2701,0.37908771929824564,3115,1685399.5520000013,3098,20483,6853,0.1512473758726749,139456.4495652139,385465.6116351011,538,2173,1.1532765642354683,605,580,0.9587,13,0.007713,156,119.8076923076923,143,0.26125,0.22301369863013698,,hub,10,26,5,True,5.08,0.0,0.0,182,52,0.9945,1.147,245,12,299,123,89,0,0,128,0,0,5,0,0,0,0,0,0,255,0,0,0,0,33,18,15,0,0,0,0,0,24,61,0,0,23,0,0,0,1,1,0,0,0,0,0,0,10,20,1257,521,400,335,10,0,0.0,0,0,0,0.0,0,0,0,0,0,204,0,0,0,0,0,0,0,225,166426.62399999992,22,443,0,0,198,42,14,44,10,0.0,0.0,0.0,"{""CLIENT"": 3115}",10,"{""census_suppress"": 10}",1.2,0.0,0.394,1.2,1.2,0.0,0.7,1.0,13,259.5833,52.5385,N3S_SHEP2D,1,0,,,,
ADAPTIVE_RELAY,linear,1,25,600,30,7,True,LONG_FAST,6,0,5,40,False,,,relay,,,,319,1820,0.23772204806687566,2661,2211274.7520000017,1283,5324,4023,0.24098422238918107,15187.587898888567,33937.124429220225,376,1089,1.462087912087912,305,276,0.9049,19,0.008592,125,106.44,121,0.11616161616161616,0.12473958333333333,,linear,1,25,7,True,1.92,0.0,0.0,250,50,0.4821,0.7049,276,17,207,169,129,0,0,125,0,0,4,0,0,0,0,0,0,144,0,0,0,0,40,65,49,0,0,0,0,0,58,70,0,0,42,0,0,0,0,0,0,0,0,0,0,0,0,0,825,127,661,37,0,0,0.0,0,0,0,0.0,0,0,0,0,0,69,0,0,0,0,0,0,0,239,172490.75199999998,17,226,0,0,53,21,13,63,,0.0,0.0,0.0,"{""CLIENT"": 2661}",,,,,,,,,,,19,156.5294,25.0526,N3S_SHEP2D,,,,1208.1260974533564,,
ADAPTIVE_RELAY,linear,3,25,600,30,7,True,LONG_FAST,6,0,5,40,False,,,relay,,,,311,1904,0.25509110396570206,2740,2242039.808000002,1329,5477,4117,0.2426510863611466,16068.699299781529,35744.161737463466,398,1139,1.4390756302521008,317,302,0.9527,17,0.007582,134,109.6,124,0.10416666666666667,0.12133123689727464,,linear,3,25,7,True,1.92,0.0,0.0,225,50,0.485,0.698,272,16,187,163,117,0,0,103,0,0,1,0,0,0,0,0,0,110,0,0,0,0,46,35,55,0,0,0,0,0,36,80,0,0,31,0,0,0,0,0,0,0,0,0,0,0,0,0,953,131,759,63,0,0,0.0,0,0,0,0.0,0,0,0,0,0,71,0,0,0,0,0,0,0,245,179902.46399999992,22,216,0,0,51,18,16,78,,0.0,0.0,0.0,"{""CLIENT"": 2740}",,,,,,,,,,,17,171.25,23.5882,N3S_SHEP2D,1,,,1208.1260974533564,,
ADAPTIVE_RELAY,linear,2,25,600,30,7,True,LONG_FAST,6,0,5,40,False,,,relay,,,,317,1931,0.2538117770767613,2781,2280480.768000002,1315,5547,4204,0.23706508022354425,17073.50648746654,39177.610099763144,398,1153,1.4401864319005697,326,316,0.9693,19,0.008332,131,111.24,127,0.10833333333333334,0.11995753715498939,,linear,2,25,7,True,1.92,0.0,0.0,225,50,0.4729,0.681,276,19,193,165,120,0,0,109,0,0,0,0,0,0,0,0,0,123,0,0,0,0,45,47,61,0,0,0,0,0,47,72,0,0,40,0,0,0,0,0,0,0,0,0,0,0,1,2,963,138,776,49,1,0,0.0,0,0,0,0.0,0,0,0,0,0,69,0,0,0,0,0,0,0,244,178554.87999999995,21,220,0,0,52,19,17,71,1,0.0,0.0,0.0,"{""CLIENT"": 2781}",1,"{""census_suppress"": 1}",2.0,0.0,0.717,2.0,2.0,0.0,1.0,1.0,19,146.3684,22.3684,N3S_SHEP2D,,,,1208.1260974533564,,
ADAPTIVE_RELAY,linear,4,25,600,30,7,True,LONG_FAST,6,0,5,40,False,,,relay,,,,308,1805,0.24418290043290045,2688,2204979.200000002,1296,5366,4048,0.2415206857994782,15479.633630959908,33937.145496396406,424,1088,1.489196675900277,300,270,0.9,23,0.010431,130,107.52,121,0.10357142857142858,0.12091503267973856,,linear,4,25,7,True,1.92,0.0,0.0,225,50,0.4821,0.718,269,19,153,144,108,0,0,112,0,0,4,1,0,0,0,0,0,121,0,0,0,0,35,43,43,0,0,0,0,0,35,70,0,0,38,0,0,0,0,0,0,0,0,0,0,0,0,0,903,135,720,48,0,0,0.0,0,0,0,0.0,0,0,0,0,0,65,0,0,0,0,0,0,0,247,179902.46399999995,20,175,0,0,53,21,15,32,,0.0,0.0,0.0,"{""CLIENT"": 2688}",,,,,,,,,,,23,141.4737,16.7826,N3S_SHEP2D,,,,1208.1260974533564,,
ADAPTIVE_RELAY,linear,5,25,600,30,7,True,LONG_FAST,6,0,5,40,False,,,relay,,,,320,1843,0.23997395833333332,2718,2239295.488000002,1285,5409,4106,0.2375670179330745,15469.071713011082,34031.582990069815,391,1153,1.474769397721107,290,258,0.8897,21,0.009378,126,108.72,122,0.09848484848484848,0.11328125,,linear,5,25,7,True,1.92,0.0,0.0,225,50,0.4728,0.6972,277,26,195,177,124,0,0,117,0,0,4,1,0,0,0,0,0,129,0,0,0,0,52,49,53,0,0,0,0,0,33,90,0,0,41,0,0,0,0,0,0,0,0,0,0,0,0,0,900,138,712,50,0,0,0.0,0,0,0,0.0,0,0,0,0,0,62,0,0,0,0,0,0,0,251,181250.04799999995,18,184,0,0,49,20,13,66,,0.0,0.0,0.0,"{""CLIENT"": 2718}",,,,,,,,,,,21,104.5385,21.0,N3S_SHEP2D,,,,1208.1260974533564,,
ADAPTIVE_RELAY,linear,6,25,600,30,7,True,LONG_FAST,6,0,5,40,False,,,relay,,,,310,1908,0.2564516129032258,2768,2284750.848000002,1344,5521,4152,0.24343416047817423,16104.240669382882,35245.52007080458,399,1147,1.450733752620545,296,262,0.8851,17,0.007441,131,110.72,124,0.1196236559139785,0.1297222222222222,,linear,6,25,7,True,1.92,0.0,0.0,225,50,0.4855,0.7044,272,28,216,178,135,0,0,127,0,0,4,0,0,0,0,0,0,132,0,0,0,0,43,34,55,0,0,0,0,0,39,95,0,0,38,0,0,0,0,0,0,0,0,0,0,0,0,0,927,140,741,46,0,0,0.0,0,0,0,0.0,0,0,0,0,0,68,0,0,0,0,0,0,0,244,175859.712,17,266,0,0,49,20,13,85,,0.0,0.0,0.0,"{""CLIENT"": 2768}",,,,,,,,,,,17,98.8571,27.9412,N3S_SHEP2D,,,,1208.1260974533564,,
ADAPTIVE_RELAY,linear,7,25,600,30,7,True,LONG_FAST,6,0,5,40,False,,,relay,,,,298,1870,0.2614653243847875,2749,2256992.256000002,1338,5464,4105,0.24487554904831627,16823.314764144194,37924.13224149498,416,1164,1.4700534759358288,322,304,0.9441,15,0.006646,136,109.96,124,0.11155913978494623,0.11682489451476794,,linear,7,25,7,True,1.92,0.0,0.0,225,50,0.4867,0.7155,266,18,170,150,110,0,0,101,0,0,3,0,0,0,0,0,0,117,0,0,0,0,39,51,48,0,0,0,0,0,43,65,0,0,38,0,0,0,0,0,0,0,0,0,0,0,0,0,944,151,751,42,0,0,0.0,0,0,0,0.0,0,0,0,0,0,68,0,0,0,0,0,0,0,242,174512.12799999994,17,194,0,0,59,22,12,53,,0.0,0.0,0.0,"{""CLIENT"": 2749}",,,,,,,,,,,15,152.7222,25.8667,N3S_SHEP2D,,,,1208.1260974533564,,
ADAPTIVE_RELAY,linear,8,25,600,30,7,True,LONG_FAST,6,0,5,40,False,,,relay,,,,316,1880,0.2478902953586498,2742,2273171.456000002,1294,5460,4153,0.236996336996337,15882.824711660362,35830.99449862505,388,1152,1.4585106382978723,302,278,0.9205,19,0.008358,126,109.68,124,0.11666666666666667,0.12152777777777778,,linear,8,25,7,True,1.92,0.0,0.0,225,50,0.4719,0.6883,275,22,197,165,120,0,0,118,0,0,1,0,0,0,0,0,0,131,0,0,0,0,45,52,59,0,0,0,0,0,45,74,0,0,41,0,0,0,0,0,0,0,0,0,0,0,0,0,888,136,702,50,0,0,0.0,0,0,0,0.0,0,0,0,0,0,66,0,0,0,0,0,0,0,248,178554.87999999992,17,190,0,0,58,22,14,68,,0.0,0.0,0.0,"{""CLIENT"": 2742}",,,,,,,,,,,19,124.6364,23.4737,N3S_SHEP2D,,,,1208.1260974533564,,
ADAPTIVE_RELAY,linear,9,25,600,30,7,True,LONG_FAST,6,0,5,40,False,,,relay,,,,314,1918,0.25451167728237795,2781,2275385.3440000024,1266,5556,4250,0.22786177105831534,16116.094965072405,35575.01397974417,414,1191,1.4499478623566215,319,302,0.9467,18,0.007911,130,111.24,128,0.10784313725490197,0.12057291666666667,,linear,9,25,7,True,1.92,0.0,0.0,225,50,0.4552,0.6601,272,24,178,167,110,0,0,121,0,0,1,0,0,0,0,0,0,135,0,0,0,0,56,46,50,0,0,0,0,0,37,73,0,0,42,0,0,0,0,0,0,0,0,0,0,0,0,0,933,131,765,37,0,0,0.0,0,0,0,0.0,0,0,0,0,0,68,0,0,0,0,0,0,0,248,181250.04799999995,21,182,0,0,56,22,16,43,,0.0,0.0,0.0,"{""CLIENT"": 2781}",,,,,,,,,,,18,115.875,24.1111,N3S_SHEP2D,,,,1208.1260974533564,,
ADAPTIVE_RELAY,linear,10,25,600,30,7,True,LONG_FAST,6,0,5,40,False,,,relay,,,,303,1872,0.25742574257425743,2724,2233974.784000002,1303,5412,4090,0.24076127124907612,17011.270652733234,38146.12331752321,415,1160,1.455128205128205,319,296,0.9279,21,0.0094,130,108.96,123,0.11547619047619048,0.11370967741935484,,linear,10,25,7,True,1.92,0.0,0.0,225,50,0.4783,0.696,263,15,190,158,117,0,0,117,0,0,3,1,0,0,0,0,0,138,0,0,0,0,41,42,41,0,0,0,0,0,39,77,0,0,35,0,0,0,0,0,0,0,0,0,0,0,1,2,958,125,787,46,1,0,0.0,0,0,0,0.0,0,0,0,0,0,68,0,0,0,0,0,0,0,236,171143.16799999995,18,225,0,0,51,19,14,52,1,0.0,0.0,0.0,"{""CLIENT"": 2724}",1,"{""census_suppress"": 1}",3.0,0.0,0.487,3.0,3.0,0.0,1.0,1.0,21,181.6,21.1905,N3S_SHEP2D,,,,1208.1260974533564,,
ADAPTIVE_RELAY,dense,1,50,900,30,3,False,LONG_FAST,6,0,5,40,False,,,relay,,,,623,7817,0.2560683984669309,7502,1705418.7520000008,13452,202157,22231,0.06654234085389078,293525.7038660314,645675.728106563,1730,13344,0.9597032109504925,2235,2044,0.9145,0,0.0,184,150.04,177,0.87409200968523,0.5796102224673654,,dense,1,50,3,False,26.12,0.0,0.0,200,100,1.7931,1.7209,0,0,0,0,0,0,0,0,0,0,0,0,0,0,0,0,0,0,0,0,0,0,0,0,0,0,0,0,0,0,0,0,0,0,0,0,0,0,0,0,0,0,0,0,0,0,9,18,7769,3682,2029,2054,9,0,0.0,0,0,0,0.0,0,0,0,0,0,1211,0,0,0,0,0,0,0,,,,,0,0,1116,255,,,9,0.0,0.0,0.0,"{""CLIENT"": 7502}",9,"{""census_suppress"": 9}",3.0,0.0,0.372,2.667,2.667,0.0,1.0,1.0,0,7502.0,0.0,N3S_SHEP2D,,,,,3500.0,
ADAPTIVE_RELAY,dense,2,50,900,30,3,False,LONG_FAST,6,0,5,40,False,,,relay,,,,602,7955,0.2696793002915452,7645,1651212.2880000006,14740,231142,22573,0.06377032300490608,287541.55043700134,667499.9236737086,1655,13649,0.9610307982401005,2258,2104,0.9318,0,0.0,185,152.9,178,0.8930461073318217,0.5989229024943311,,dense,2,50,3,False,29.48,0.0,0.0,200,100,1.9281,1.8529,0,0,0,0,0,0,0,0,0,0,0,0,0,0,0,0,0,0,0,0,0,0,0,0,0,0,0,0,0,0,0,0,0,0,0,0,0,0,0,0,0,0,0,0,0,0,5,10,7818,3735,1970,2113,5,0,0.0,0,0,0,0.0,0,0,0,0,0,1336,0,0,0,0,0,0,0,,,,,0,0,1286,257,,,5,0.0,0.0,0.0,"{""CLIENT"": 7645}",5,"{""census_suppress"": 5}",11.6,0.36,0.554,10.8,10.8,8.8,1.0,1.0,0,7645.0,0.0,N3S_SHEP2D,,,,,3500.0,
ADAPTIVE_RELAY,dense,3,50,900,30,3,False,LONG_FAST,6,0,5,40,False,,,relay,,,,611,7830,0.2615317812886202,7740,1611599.8720000007,15105,237527,22776,0.06359277050608983,290762.91349735943,665005.9096596194,1683,13727,0.9885057471264368,2316,2194,0.9473,0,0.0,185,154.8,176,0.8701298701298701,0.5941043083900227,,dense,3,50,3,False,30.32,0.0,0.0,200,100,1.9516,1.9291,0,0,0,0,0,0,0,0,0,0,0,0,0,0,0,0,0,0,0,0,0,0,0,0,0,0,0,0,0,0,0,0,0,0,0,0,0,0,0,0,0,0,0,0,0,0,11,22,7926,3722,2249,1953,11,0,0.0,0,0,0,0.0,0,0,0,0,0,1350,0,0,0,0,0,0,0,,,,,0,0,1299,267,,,11,0.0,0.0,0.0,"{""CLIENT"": 7740}",11,"{""census_suppress"": 11}",15.727,0.491,0.609,15.0,15.0,14.0,0.727,1.0,0,7740.0,0.0,N3S_SHEP2D,,,,,3500.0,
ADAPTIVE_RELAY,dense,4,50,900,30,3,False,LONG_FAST,6,0,5,40,False,,,relay,,,,618,7889,0.2605177993527508,7962,1488592.8960000006,13804,263221,23139,0.05244262425870276,304356.7496411805,687442.6602161159,1662,14130,1.0092533907973127,2365,2284,0.9658,0,0.0,194,159.24,185,0.9085276967930029,0.6056285527909794,,dense,4,50,3,False,31.72,0.0,0.0,200,50,1.7337,1.7498,0,0,0,0,0,0,0,0,0,0,0,0,0,0,0,0,0,0,0,0,0,0,0,0,0,0,0,0,0,0,0,0,0,0,0,0,0,0,0,0,0,0,0,0,0,0,21,42,8047,4028,1982,2037,21,0,0.0,0,0,0,0.0,0,0,0,0,0,1556,0,0,0,0,0,0,0,,,,,0,0,1507,269,,,21,0.0,0.0,0.0,"{""CLIENT"": 7962}",21,"{""census_suppress"": 21}",14.905,0.429,0.554,13.905,13.905,12.333,0.667,1.0,0,7962.0,0.0,N3S_SHEP2D,,,,,3500.0,
ADAPTIVE_RELAY,dense,5,50,900,30,3,False,LONG_FAST,6,0,5,40,False,,,relay,,,,593,7948,0.27353133496231546,7751,1565732.8640000008,15110,238096,22666,0.06346179692224985,286394.03300795984,659387.69226215,1693,13691,0.9752138902868647,2292,2142,0.9346,0,0.0,184,155.02,180,0.9183673469387755,0.6066020878397442,,dense,5,50,3,False,30.12,0.0,0.0,200,100,1.9494,1.9011,0,0,0,0,0,0,0,0,0,0,0,0,0,0,0,0,0,0,0,0,0,0,0,0,0,0,0,0,0,0,0,0,0,0,0,0,0,0,0,0,0,0,0,0,0,0,1,2,8027,3832,2295,1898,1,0,0.0,0,0,0,0.0,0,0,0,0,0,1324,0,0,0,0,0,0,0,,,,,0,0,1248,272,,,1,0.0,0.0,0.0,"{""CLIENT"": 7751}",1,"{""census_suppress"": 1}",1.0,0.0,0.358,0.0,0.0,0.0,0.0,1.0,0,7751.0,0.0,N3S_SHEP2D,,,,,3500.0,
ADAPTIVE_RELAY,dense,6,50,900,30,3,False,LONG_FAST,6,0,5,40,False,,,relay,,,,592,7964,0.27454495311638166,7773,1582411.7760000008,16082,249574,22232,0.06443780201463294,283193.04092106275,634566.683685962,1596,13377,0.9760170768458061,2305,2180,0.9458,0,0.0,191,155.46,183,0.8933046902971715,0.5964029447395397,,dense,6,50,3,False,31.96,0.0,0.0,200,100,2.069,2.0193,0,0,0,0,0,0,0,0,0,0,0,0,0,0,0,0,0,0,0,0,0,0,0,0,0,0,0,0,0,0,0,0,0,0,0,0,0,0,0,0,0,0,0,0,0,0,7,14,7933,3723,2362,1846,7,0,0.0,0,0,0,0.0,0,0,0,0,0,1355,0,0,0,0,0,0,0,,,,,0,0,1264,239,,,7,0.0,0.0,0.0,"{""CLIENT"": 7773}",7,"{""census_suppress"": 7}",23.143,0.771,0.776,22.143,22.143,19.286,1.0,1.0,0,7773.0,0.0,N3S_SHEP2D,,,,,3500.0,
ADAPTIVE_RELAY,dense,8,50,900,30,3,False,LONG_FAST,6,0,5,40,False,,,relay,,,,624,7807,0.25533097854526426,7542,1699164.1600000006,12910,197888,22787,0.06523892302716688,297956.8294128643,668432.196950919,1722,14061,0.9660561034968618,2275,2126,0.9345,0,0.0,183,150.84,174,0.8886501969208737,0.5883591104603276,,dense,8,50,3,False,25.6,0.0,0.0,200,100,1.7117,1.6536,0,0,0,0,0,0,0,0,0,0,0,0,0,0,0,0,0,0,0,0,0,0,0,0,0,0,0,0,0,0,0,0,0,0,0,0,0,0,0,0,0,0,0,0,0,0,14,28,7726,3806,1888,2032,14,0,0.0,0,0,0,0.0,0,0,0,0,0,1259,0,0,0,0,0,0,0,,,,,0,0,1226,267,,,14,0.0,0.0,0.0,"{""CLIENT"": 7542}",14,"{""census_suppress"": 14}",3.5,0.064,0.4,2.571,2.571,1.357,0.929,1.0,0,7542.0,0.0,N3S_SHEP2D,,,,,3500.0,
ADAPTIVE_RELAY,dense,7,50,900,30,3,False,LONG_FAST,6,0,5,40,False,,,relay,,,,612,7941,0.26480592236894757,7746,1680400.3840000008,14454,224564,22853,0.06436472453287259,292575.21811558044,672512.8753050424,1679,13881,0.9754438987533056,2319,2200,0.9487,0,0.0,187,154.92,178,0.9229024943310657,0.609517539734788,,dense,7,50,3,False,28.52,0.0,0.0,200,100,1.866,1.8202,0,0,0,0,0,0,0,0,0,0,0,0,0,0,0,0,0,0,0,0,0,0,0,0,0,0,0,0,0,0,0,0,0,0,0,0,0,0,0,0,0,0,0,0,0,0,12,24,7878,3968,1995,1912,12,0,0.0,0,0,0,0.0,0,0,0,0,0,1292,0,0,0,0,0,0,0,,,,,0,0,1214,254,,,12,0.0,0.0,0.0,"{""CLIENT"": 7746}",12,"{""census_suppress"": 12}",11.917,0.375,0.56,11.083,11.083,9.75,1.0,1.0,0,7746.0,0.0,N3S_SHEP2D,,,,,3500.0,
ADAPTIVE_RELAY,mixed30,1,30,600,30,3,False,LONG_FAST,6,0,5,40,False,,,relay,,,,397,3183,0.2764700773039173,1729,1662801.9200000009,1406,9033,6960,0.1556515000553526,25250.17954638704,98730.15937755804,217,1964,0.5431982406534716,397,360,0.9068,0,0.0,121,57.63333333333333,113,0.27249789739276703,0.27485281749369217,,mixed30,1,30,3,False,4.93,0.0,0.0,180,60,0.8132,0.4417,0,0,0,0,0,0,0,0,0,0,0,0,0,0,0,0,0,0,0,0,0,0,0,0,0,0,0,0,0,0,0,0,0,0,0,0,0,0,32,95,0,129,0,1,0,0,79,164,1878,589,580,526,79,129,0.0,0,0,0,0.0,0,0,0,0,0,189,0,0,0,0,0,0,0,,,,,0,0,175,33,,,78,0.0,0.0,0.0,"{""CLIENT_MUTE"": 227, ""CLIENT_BASE"": 675, ""ROUTER"": 827}",79,"{""census_suppress"": 79}",4.823,0.273,0.62,4.114,4.114,1.823,0.962,1.0,0,1729.0,0.0,N3S_SHEP2D,,,129,,,True
ADAPTIVE_RELAY,mixed30,2,30,600,30,3,False,LONG_FAST,6,0,5,40,False,,,relay,,,,338,3211,0.3275862068965517,2126,1386434.5600000008,3414,19398,7064,0.17599752551809464,82864.52395741387,332134.76819691306,486,2245,0.6620990345686701,591,522,0.8832,0,0.0,144,70.86666666666666,134,0.5153256704980843,0.42172017439556087,,mixed30,2,30,3,False,8.33,0.0,0.0,180,60,1.6058,1.0632,0,0,0,0,0,0,0,0,0,0,0,0,0,0,0,0,0,0,0,0,0,0,0,0,0,0,0,0,0,0,0,0,0,0,0,0,0,0,0,0,0,0,0,0,0,0,11,22,1844,724,498,613,11,0,0.0,0,0,0,0.0,0,0,0,0,0,291,0,0,0,0,0,0,0,,,,,0,0,275,54,,,11,0.0,0.0,0.0,"{""CLIENT_BASE"": 1586, ""CLIENT_MUTE"": 301, ""ROUTER"": 239}",11,"{""census_suppress"": 11}",9.273,0.573,0.749,8.636,8.636,6.818,0.909,1.0,0,2126.0,0.0,N3S_SHEP2D,,,,,,True
ADAPTIVE_RELAY,mixed30,3,30,600,30,3,False,LONG_FAST,6,0,5,40,False,,,relay,,,,344,3069,0.3076383319967923,2176,1896214.5280000009,3956,14321,7041,0.2762376928985406,56481.775598590684,249100.52143624608,398,2447,0.7090257412838058,560,478,0.8536,0,0.0,120,72.53333333333333,113,0.45689655172413796,0.3769592476489028,,mixed30,3,30,3,False,7.33,0.0,0.0,210,60,1.818,1.289,0,0,0,0,0,0,0,0,0,0,0,0,0,0,0,0,0,0,0,0,0,0,0,0,0,0,0,0,0,0,0,0,0,0,0,0,0,0,8,16,0,2,0,0,0,0,30,60,1761,507,579,652,30,2,0.0,0,0,0,0.0,0,0,0,0,0,249,0,0,0,0,0,0,0,,,,,0,0,219,37,,,29,0.0,0.0,0.0,"{""ROUTER"": 1128, ""CLIENT_MUTE"": 229, ""CLIENT_BASE"": 819}",30,"{""census_suppress"": 30}",4.367,0.12,0.537,3.767,3.767,1.2,0.867,1.0,0,2176.0,0.0,N3S_SHEP2D,,,2,,,True
ADAPTIVE_RELAY,mixed30,4,30,600,30,3,False,LONG_FAST,6,0,5,40,False,,,relay,,,,356,2961,0.2868074389771406,1891,1596878.8480000007,2686,11919,6106,0.2253544760466482,55777.88811863217,270323.2279609853,435,1607,0.6386355960824046,541,488,0.902,0,0.0,123,63.03333333333333,120,0.37568058076225047,0.3517637732857709,,mixed30,4,30,3,False,6.0,0.0,0.0,210,60,1.4204,0.9071,0,0,0,0,0,0,0,0,0,0,0,0,0,0,0,0,0,0,0,0,0,0,0,0,0,0,0,0,0,0,0,0,0,0,0,0,0,0,5,12,0,4,0,0,0,0,20,40,1412,374,396,635,20,4,0.0,0,0,0,0.0,0,0,0,0,0,225,0,0,0,0,0,0,0,,,,,0,0,203,38,,,19,0.0,0.0,0.0,"{""CLIENT_BASE"": 1170, ""CLIENT_MUTE"": 314, ""ROUTER"": 407}",20,"{""census_suppress"": 20}",5.65,0.225,0.594,5.0,5.0,2.2,0.95,1.0,0,1891.0,0.0,N3S_SHEP2D,,,4,,,True
ADAPTIVE_RELAY,mixed30,5,30,600,30,3,False,LONG_FAST,6,0,5,40,False,,,relay,,,,337,3177,0.325079300112555,1698,1492035.5840000007,3198,13337,7726,0.23978405938366948,45651.36842903701,177343.29519422358,471,1484,0.534466477809254,487,432,0.8871,0,0.0,121,56.6,116,0.42684063373718545,0.3811912225705329,,mixed30,5,30,3,False,8.0,0.0,0.0,180,60,1.8834,1.0066,0,0,0,0,0,0,0,0,0,0,0,0,0,0,0,0,0,0,0,0,0,0,0,0,0,0,0,0,0,0,0,0,0,0,0,0,0,0,4,12,0,0,0,0,0,0,11,22,1242,447,277,515,11,0,0.0,0,0,0,0.0,0,0,0,0,0,293,0,0,0,0,0,0,0,,,,,0,0,286,49,,,11,0.0,0.0,0.0,"{""CLIENT_MUTE"": 397, ""ROUTER"": 540, ""CLIENT_BASE"": 761}",11,"{""census_suppress"": 11}",8.455,0.409,0.7,7.636,7.636,4.273,1.0,1.0,0,1698.0,0.0,N3S_SHEP2D,,,,,,True
ADAPTIVE_RELAY,mixed30,6,30,600,30,3,False,LONG_FAST,6,0,5,40,False,,,relay,,,,351,3177,0.3121131741821397,2019,1735141.3760000009,2640,12716,7621,0.20761245674740483,38096.86623311133,137601.82552441861,422,1988,0.6355051935788479,505,444,0.8792,0,0.0,175,67.3,129,0.4296365330848089,0.34603750756200846,,mixed30,6,30,3,False,6.33,0.0,0.0,180,60,1.3076,0.831,0,0,0,0,0,0,0,0,0,0,0,0,0,0,0,0,0,0,0,0,0,0,0,0,0,0,0,0,0,0,0,0,0,0,0,0,0,0,23,61,0,35,0,0,0,0,52,107,1607,508,472,566,52,35,0.0,0,0,0,0.0,0,0,0,0,0,222,0,0,0,0,0,0,0,,,,,0,0,210,44,,,52,0.0,0.0,0.0,"{""CLIENT_BASE"": 624, ""CLIENT_MUTE"": 358, ""ROUTER"": 1037}",52,"{""census_suppress"": 52}",6.058,0.242,0.602,5.308,5.308,2.096,0.923,1.0,0,2019.0,0.0,N3S_SHEP2D,,,35,,,True
ADAPTIVE_RELAY,mixed30,8,30,600,30,3,False,LONG_FAST,6,0,5,40,False,,,relay,,,,400,2419,0.2085344827586207,1312,1361762.3040000007,920,5734,4805,0.16044645971398674,10541.257110575529,30112.856181996758,261,673,0.5423728813559322,285,242,0.8491,0,0.0,105,43.733333333333334,96,0.20344827586206896,0.2046439092011783,,mixed30,8,30,3,False,4.4,0.0,0.0,210,60,0.7012,0.3803,0,0,0,0,0,0,0,0,0,0,0,0,0,0,0,0,0,0,0,0,0,0,0,0,0,0,0,0,0,0,0,0,0,0,0,0,0,0,11,23,0,19,0,0,0,0,23,46,950,274,301,337,23,19,0.0,0,0,0,0.0,0,0,0,0,0,172,0,0,0,0,0,0,0,,,,,0,0,148,28,,,23,0.0,0.0,0.0,"{""ROUTER"": 377, ""CLIENT_MUTE"": 400, ""CLIENT_BASE"": 535}",23,"{""census_suppress"": 23}",5.043,0.235,0.671,4.13,4.13,1.478,0.957,1.0,0,1312.0,0.0,N3S_SHEP2D,,,19,,,True
ADAPTIVE_RELAY,mixed30,7,30,600,30,3,False,LONG_FAST,6,0,5,40,False,,,relay,,,,368,3078,0.2884182908545727,1878,1865887.7440000009,2912,9723,6268,0.2994960403167747,28698.145020719963,100336.96820968302,327,1621,0.6101364522417154,533,478,0.8968,0,0.0,129,62.6,116,0.3086627417998318,0.2988505747126437,,mixed30,7,30,3,False,5.27,0.0,0.0,210,60,1.5506,0.9461,0,0,0,0,0,0,0,0,0,0,0,0,0,0,0,0,0,0,0,0,0,0,0,0,0,0,0,0,0,0,0,0,0,0,0,0,0,0,19,26,0,33,0,0,0,0,46,92,1417,351,415,609,46,33,0.0,0,0,0,0.0,0,0,0,0,0,186,0,0,0,0,0,0,0,,,,,0,0,175,31,,,45,0.0,0.0,0.0,"{""CLIENT_MUTE"": 311, ""ROUTER"": 1016, ""CLIENT_BASE"": 551}",46,"{""census_suppress"": 46}",4.391,0.098,0.562,3.783,3.783,0.609,0.978,1.0,0,1878.0,0.0,N3S_SHEP2D,,,33,,,True
ADAPTIVE_RELAY,mixed30,9,30,600,30,3,False,LONG_FAST,6,0,5,40,False,,,relay,,,,368,2793,0.2617128935532234,1388,1431574.5280000006,1908,7094,5147,0.268959684240203,14620.984488102935,37249.31199999995,433,421,0.49695667740780525,413,368,0.891,0,0.0,120,46.266666666666666,101,0.2896551724137931,0.26813642359148293,,mixed30,9,30,3,False,5.4,0.0,0.0,210,60,1.3746,0.6831,0,0,0,0,0,0,0,0,0,0,0,0,0,0,0,0,0,0,0,0,0,0,0,0,0,0,0,0,0,0,0,0,0,0,0,0,0,0,4,2,0,0,0,0,0,0,9,18,715,189,129,394,9,0,0.0,0,0,0,0.0,0,0,0,0,0,211,0,0,0,0,0,0,0,,,,,0,0,188,39,,,9,0.0,0.0,0.0,"{""CLIENT_MUTE"": 516, ""ROUTER"": 120, ""CLIENT_BASE"": 752}",9,"{""census_suppress"": 9}",6.556,0.1,0.624,5.556,5.556,1.222,0.889,1.0,0,1388.0,0.0,N3S_SHEP2D,,,,,,True
ADAPTIVE_RELAY,mixed30,10,30,600,30,3,False,LONG_FAST,6,0,5,40,False,,,relay,,,,389,3047,0.270100168424785,1732,1464393.7280000006,1505,10588,6357,0.1421420476010578,34541.63678668211,205928.08174274096,282,1478,0.568427961929767,449,382,0.8508,0,0.0,153,57.733333333333334,124,0.32241379310344825,0.3024425287356322,,mixed30,10,30,3,False,5.67,0.0,0.0,180,60,0.8689,0.4939,0,0,0,0,0,0,0,0,0,0,0,0,0,0,0,0,0,0,0,0,0,0,0,0,0,0,0,0,0,0,0,0,0,0,0,0,0,0,19,34,0,44,0,1,0,0,45,92,1468,547,290,555,45,44,0.0,0,0,0,0.0,0,0,0,0,0,228,0,0,0,0,0,0,0,,,,,0,0,198,34,,,45,0.0,0.0,0.0,"{""ROUTER"": 790, ""CLIENT_BASE"": 580, ""CLIENT_MUTE"": 362}",45,"{""census_suppress"": 45}",6.111,0.28,0.693,5.311,5.311,2.533,0.978,1.0,0,1732.0,0.0,N3S_SHEP2D,,,44,,,True
ADAPTIVE_RELAY,dense,10,50,900,30,3,False,LONG_FAST,6,0,5,40,False,,,relay,,,,635,7695,0.24730837216776475,7379,1718970.3680000007,12231,194028,22496,0.06303729358649267,278727.62780192035,663823.6371406136,1769,13787,0.9589343729694607,2162,1936,0.8955,0,0.0,192,147.58,180,0.824974057419578,0.5446929863648516,,dense,10,50,3,False,25.24,0.0,0.0,200,100,1.6575,1.5895,0,0,0,0,0,0,0,0,0,0,0,0,0,0,0,0,0,0,0,0,0,0,0,0,0,0,0,0,0,0,0,0,0,0,0,0,0,0,0,0,0,0,0,0,0,0,14,28,7632,3867,1852,1912,13,0,0.0,0,0,0,0.0,0,0,0,0,0,1194,0,0,0,0,0,0,0,,,,,0,0,1146,270,,,14,0.0,0.0,0.0,"{""CLIENT"": 7379}",14,"{""census_suppress"": 14}",11.929,0.386,0.59,11.071,11.071,9.286,0.857,1.0,0,7379.0,0.0,N3S_SHEP2D,,,,,3500.0,
ADAPTIVE_RELAY,dense,9,50,900,30,3,False,LONG_FAST,6,0,5,40,False,,,relay,,,,605,8084,0.2726935402260078,7875,1628278.7840000007,15290,236204,22786,0.06473218065739784,294974.06555266853,673633.6460906228,1662,13851,0.9741464621474517,2304,2190,0.9505,0,0.0,188,157.5,184,0.8828289936664321,0.6231543308567666,,dense,9,50,3,False,29.16,0.0,0.0,200,100,1.9416,1.8914,0,0,0,0,0,0,0,0,0,0,0,0,0,0,0,0,0,0,0,0,0,0,0,0,0,0,0,0,0,0,0,0,0,0,0,0,0,0,0,0,0,0,0,0,0,0,22,44,7934,3800,2165,1968,22,0,0.0,0,0,0,0.0,0,0,0,0,0,1350,0,0,0,0,0,0,0,,,,,0,0,1298,249,,,22,0.0,0.0,0.0,"{""CLIENT"": 7875}",22,"{""census_suppress"": 22}",1.682,0.0,0.363,0.773,0.773,0.0,0.545,1.0,0,7875.0,0.0,N3S_SHEP2D,,,,,3500.0,
