router,scenario,seed,nodes,simtime_s,period_s,hop_limit,dms,modem,capture_db,clock_drift_ppm,model,packet_len,movement,kill_at_s,revive_at_s,kill_mode,deaf_at_s,deaf_until_s,ar_params,messages_generated,messages_delivered_pairs,reach,tx_count,tx_airtime_ms,collisions,sensed,received,collision_rate,latency_mean_ms,latency_p95_ms,retransmissions,dropped,tx_per_delivered,one_way_pairs,bidirectional_pairs,bidirectional_reach,conversations,ce_conversations_per_airtime_s,max_tx_per_node,avg_tx_per_node,p95_tx_per_node,reach_gen_first60s,reach_gen_first300s,meta_spacing_m,meta_scenario,meta_seed,meta_n_nodes,meta_hop_limit,meta_dms,meta_avg_neighbors_t0,tx_start_interarrival_p50_ms,tx_start_interarrival_p95_ms,simultaneous_tx_peak,tx_burst_size_p95,collision_per_tx,collision_per_delivered,adaptive_primary_selected,adaptive_primary_success,adaptive_primary_failure,adaptive_backup1_triggered,adaptive_backup1_success,adaptive_backup2_triggered,adaptive_backup2_success,adaptive_mini_flood_triggered,adaptive_mpr_forward,adaptive_suppressed_forward,adaptive_route_switches,adaptive_primary_flaps,adaptive_sector_candidates,adaptive_sector_primary_selected,adaptive_unique_coverage_preserved,adaptive_cross_sector_suppression,adaptive_same_sector_inhibition,adaptive_segment_fallback,adaptive_confidence_low_time_ms,adaptive_gossip_forwards,ar_cancel_in_air,ar_cancel_residual_empty,ar_cancel_echo,ar_covered_elsewhere,watchdog_false_failure,ndb_entries,ndb_census_shield,ndb_radius_scaled,suppression_regret,unique_relay_suppressed,backup1_useful,backup1_redundant,backup2_useful,backup2_redundant,mini_flood_delivered,topk_evictions,mobility_recommend_mute,mobility_relay_suppressed,shepherd_msgs_tx,collect_hears,collect_ignored_scope,rescues_during_collect,rescue_budget_denied,shepherd_election_cancelled,boost_windows,boost_exits,suppressed_by_census,copies_before_suppress,copies_before_forward,n3_forward_rank0,n3_forward_rank1,n3_forward_rank2,n3_fallback_suppressed,n3_shep_rescues,n4_airtime_granted,n4_starved,neighborinfo_tx,neighborinfo_bytes,neighborinfo_airtime,neighborinfo_full_tx,neighborinfo_delta_tx,neighborinfo_delta_miss,neighborinfo_raw_bytes,neighborinfo_encoded_bytes,known_1hop,known_2hop,unique_bridge_detected,suppression_blocked_unique,suppression_blocked_low_alt,adaptive_inhibition_weak,adaptive_inhibition_medium,adaptive_inhibition_strong,probe_tx,probe_airtime,probe_responses,known_2hop_entries,advertised_entries,functional_segments,segment_changes,probe_responses_received,asymmetric_link_suppression,asym_suppressed_but_lost,frontier_suppression_regret,relay_fatigue_mean,relay_fatigue_max,topk_table_high_mean,tx_by_role,death_count,death_reasons,death_mean_local_degree,death_mean_alt_paths,death_mean_confidence,death_mean_residual_cov,death_mean_my_unique_cov,death_mean_segment_count,death_frac_unique_gt0,death_frac_alt_le1,dm_acked,tx_per_successful_hop,fallbacks_per_delivered_dm,variant,client_repeats
ADAPTIVE_RELAY,linear,4,25,600,30,7,True,LONG_FAST,6,0,5,40,False,,,relay,,,,334,1836,0.22904191616766467,2597,2163961.856000002,1213,5181,3932,0.23412468635398573,14807.295044162758,32311.345652848566,369,1062,1.4144880174291938,305,270,0.8852,20,0.009242,134,103.88,119,0.1148989898989899,0.12195121951219512,1208.1260974533564,linear,4,25,7,True,1.92,0.0,0.0,225,50,0.4671,0.6607,285,95,242,131,98,0,0,117,0,0,163,11,0,0,0,0,0,164,0,0,0,0,33,3,66,179,0,12,0,0,34,63,0,0,44,0,0,0,0,0,0,0,0,0,0,0,1,2,803,120,638,45,1,0,0.0,0,0,0,0.0,0,0,0,0,0,83,232,0,0,0,0,0,0,213,154972.15999999992,17,327,0,55,67,13,270,78,1,0.0,0.0,0.0,"{""CLIENT"": 2597}",1,"{""census_suppress"": 1}",3.0,0.0,0.736,1.0,1.0,0.0,1.0,1.0,20,27.3368,26.15,N3S_SHEP2D_NDB,
ADAPTIVE_RELAY,linear,3,25,600,30,7,True,LONG_FAST,6,0,5,40,False,,,relay,,,,318,1814,0.23768343815513626,2609,2175332.352000002,1280,5246,3942,0.24399542508577965,16117.108876737342,37093.7318348971,382,1074,1.438257993384785,318,296,0.9308,16,0.007355,130,104.36,121,0.11742424242424243,0.12370600414078675,1208.1260974533564,linear,3,25,7,True,1.92,0.0,0.0,225,50,0.4906,0.7056,278,73,242,124,88,0,0,129,0,0,152,15,0,0,0,0,0,163,0,0,0,0,36,4,73,172,0,11,0,0,36,52,0,0,50,0,0,0,0,0,0,0,0,0,0,0,1,2,822,120,668,34,1,0,0.0,0,0,0,0.0,0,0,0,0,0,82,254,0,0,0,0,0,0,214,156993.53599999996,19,341,0,57,69,14,327,79,1,0.0,0.0,0.0,"{""CLIENT"": 2609}",1,"{""census_suppress"": 1}",2.0,0.0,0.668,0.0,0.0,0.0,0.0,1.0,16,35.7397,33.375,N3S_SHEP2D_NDB,
ADAPTIVE_RELAY,linear,2,25,600,30,7,True,LONG_FAST,6,0,5,40,False,,,relay,,,,338,1899,0.23409763313609466,2669,2229338.112000002,1237,5341,4064,0.23160456843287774,15352.02175545464,34756.88918276788,376,1102,1.4054765666140074,317,302,0.9527,16,0.007177,128,106.76,124,0.11848958333333333,0.1303030303030303,1208.1260974533564,linear,2,25,7,True,1.92,0.0,0.0,225,50,0.4635,0.6514,289,100,250,151,113,0,0,128,0,0,178,17,0,0,0,0,0,169,0,0,0,0,38,3,60,187,0,11,0,0,42,68,0,0,45,0,0,0,0,0,0,0,0,0,0,0,0,0,829,129,653,47,0,0,0.0,0,0,0,0.0,0,0,0,0,0,75,245,0,0,0,0,0,0,218,157667.32799999992,16,338,0,48,70,12,255,81,,0.0,0.0,0.0,"{""CLIENT"": 2669}",,,,,,,,,,,16,26.69,34.25,N3S_SHEP2D_NDB,1
ADAPTIVE_RELAY,linear,1,25,600,30,7,True,LONG_FAST,6,0,5,40,False,,,relay,,,,327,1853,0.2361111111111111,2650,2214207.4880000018,1267,5298,4001,0.23914684786711968,15827.8348655327,35579.5131853807,363,1059,1.430113329735564,301,272,0.9037,16,0.007226,131,106.0,121,0.12990196078431374,0.12678936605316973,1208.1260974533564,linear,1,25,7,True,1.92,0.0,0.0,225,50,0.4781,0.6838,288,105,244,122,96,0,0,125,0,0,157,16,0,0,0,0,0,174,0,0,0,0,26,2,68,179,0,13,0,0,33,62,0,0,44,0,0,0,0,0,0,0,0,0,0,0,0,0,829,132,649,48,0,0,0.0,0,0,0,0.0,0,0,0,0,0,83,241,0,0,0,0,0,0,212,151603.19999999995,13,326,0,47,67,11,245,70,,0.0,0.0,0.0,"{""CLIENT"": 2650}",,,,,,,,,,,16,25.2381,33.9375,N3S_SHEP2D_NDB,
ADAPTIVE_RELAY,linear,8,25,600,30,7,True,LONG_FAST,6,0,5,40,False,,,relay,,,,325,1783,0.2285897435897436,2555,2133901.312000002,1231,5121,3876,0.24038273774653388,14378.872211756181,30731.81573199347,398,1015,1.432978126752664,298,264,0.8859,15,0.007029,123,102.2,117,0.11397058823529412,0.11814024390243902,1208.1260974533564,linear,8,25,7,True,1.92,0.0,0.0,225,50,0.4818,0.6904,280,81,209,112,80,0,0,111,0,0,160,15,0,0,0,0,0,153,0,0,0,0,32,6,52,170,0,8,0,0,21,59,0,0,33,0,0,0,0,0,0,0,0,0,0,0,0,0,826,140,644,42,0,0,0.0,0,0,0,0.0,0,0,0,0,0,82,232,0,0,0,0,0,0,204,147560.44799999997,15,322,0,53,68,10,264,56,,0.0,0.0,0.0,"{""CLIENT"": 2555}",,,,,,,,,,,15,31.5432,31.5333,N3S_SHEP2D_NDB,
ADAPTIVE_RELAY,linear,7,25,600,30,7,True,LONG_FAST,6,0,5,40,False,,,relay,,,,338,1872,0.23076923076923078,2600,2181959.680000002,1220,5208,3970,0.23425499231950844,14685.012922952057,32786.80093792286,355,1094,1.3888888888888888,308,280,0.9091,17,0.007791,128,104.0,117,0.11887254901960784,0.12816764132553607,1208.1260974533564,linear,7,25,7,True,1.92,0.0,0.0,225,50,0.4692,0.6517,293,100,237,122,95,0,0,103,0,0,157,22,0,0,0,0,0,145,0,0,0,0,27,4,96,180,0,4,0,0,33,60,0,0,42,0,0,0,0,0,0,0,0,0,0,0,0,0,799,123,634,42,0,0,0.0,0,0,0,0.0,0,0,0,0,0,80,248,0,0,0,0,0,0,212,151603.19999999995,13,333,0,50,65,7,250,92,,0.0,0.0,0.0,"{""CLIENT"": 2600}",,,,,,,,,,,17,26.0,28.5294,N3S_SHEP2D_NDB,
ADAPTIVE_RELAY,linear,5,25,600,30,7,True,LONG_FAST,6,0,5,40,False,,,relay,,,,320,1909,0.24856770833333333,2674,2230839.296000002,1235,5352,4104,0.23075485799701045,16406.779548843817,37282.50359646691,387,1120,1.4007333682556313,312,282,0.9038,17,0.00762,131,106.96,123,0.11742424242424243,0.12600401606425704,1208.1260974533564,linear,5,25,7,True,1.92,0.0,0.0,225,50,0.4619,0.6469,282,91,237,138,102,0,0,117,0,0,152,15,0,0,0,0,0,161,0,0,0,0,36,5,62,186,0,8,0,0,40,62,0,0,39,0,0,0,0,0,0,0,0,0,0,0,0,0,881,121,697,63,0,0,0.0,0,0,0,0.0,0,0,0,0,0,82,253,0,0,0,0,0,0,212,153624.57599999994,16,334,0,55,67,13,270,76,,0.0,0.0,0.0,"{""CLIENT"": 2674}",,,,,,,,,,,17,29.3846,30.2941,N3S_SHEP2D_NDB,
ADAPTIVE_RELAY,linear,6,25,600,30,7,True,LONG_FAST,6,0,5,40,False,,,relay,,,,331,1920,0.24169184290030213,2681,2218358.784000002,1205,5373,4137,0.22426949562627954,15009.394259157167,33317.869886428874,379,1143,1.3963541666666666,311,290,0.9325,24,0.010819,128,107.24,125,0.1261904761904762,0.12601010101010102,1208.1260974533564,linear,6,25,7,True,1.92,0.0,0.0,225,50,0.4495,0.6276,286,106,230,129,96,0,0,99,0,0,173,22,0,0,0,0,0,137,0,0,0,0,33,4,61,180,0,7,0,0,42,50,0,0,37,0,0,0,0,0,0,0,0,0,0,0,0,0,876,135,693,48,0,0,0.0,0,0,0,0.0,0,0,0,0,0,86,254,0,0,0,0,0,0,217,157667.32799999995,17,336,0,52,67,13,295,93,,0.0,0.0,0.0,"{""CLIENT"": 2681}",,,,,,,,,,,24,25.2925,19.4167,N3S_SHEP2D_NDB,
ADAPTIVE_RELAY,linear,9,25,600,30,7,True,LONG_FAST,6,0,5,40,False,,,relay,,,,338,1924,0.23717948717948717,2662,2225262.592000002,1221,5346,4095,0.22839506172839505,15707.030653838925,35721.255191582364,374,1125,1.3835758835758836,315,296,0.9397,16,0.00719,126,106.48,123,0.13267543859649122,0.13178294573643412,1208.1260974533564,linear,9,25,7,True,1.92,0.0,0.0,225,50,0.4587,0.6346,289,105,229,131,91,0,0,114,0,0,170,19,0,0,0,0,0,152,0,0,0,0,40,5,65,187,0,8,0,0,30,60,0,0,50,0,0,0,0,0,0,0,0,0,0,0,0,0,834,126,676,32,0,0,0.0,0,0,0,0.0,0,0,0,0,0,89,250,0,0,0,0,0,0,210,148908.03199999998,11,340,0,55,66,10,250,77,,0.0,0.0,0.0,"{""CLIENT"": 2662}",,,,,,,,,,,16,25.3524,30.9375,N3S_SHEP2D_NDB,
ADAPTIVE_RELAY,linear,10,25,600,30,7,True,LONG_FAST,6,0,5,40,False,,,relay,,,,324,1862,0.23945473251028807,2636,2184087.552000002,1193,5281,4071,0.2259041848134823,15137.851779868924,32287.775516450914,393,1106,1.4156820622986037,318,298,0.9371,18,0.008241,129,105.44,122,0.11887254901960784,0.12167689161554192,1208.1260974533564,linear,10,25,7,True,1.92,0.0,0.0,225,50,0.4526,0.6407,281,82,214,132,101,0,0,125,0,0,155,22,0,0,0,0,0,160,0,0,0,0,30,2,53,174,0,12,0,0,39,61,0,0,51,0,0,0,0,0,0,0,0,0,0,0,0,0,859,133,686,40,0,0,0.0,0,0,0,0.0,0,0,0,0,0,84,254,0,0,0,0,0,0,219,157667.32799999992,15,340,0,49,69,11,283,54,,0.0,0.0,0.0,"{""CLIENT"": 2636}",,,,,,,,,,,18,32.1463,27.7222,N3S_SHEP2D_NDB,
