router,scenario,seed,nodes,simtime_s,period_s,hop_limit,dms,modem,capture_db,clock_drift_ppm,model,packet_len,movement,kill_at_s,revive_at_s,kill_mode,deaf_at_s,deaf_until_s,ar_params,messages_generated,messages_delivered_pairs,reach,tx_count,tx_airtime_ms,collisions,sensed,received,collision_rate,latency_mean_ms,latency_p95_ms,retransmissions,dropped,tx_per_delivered,one_way_pairs,bidirectional_pairs,bidirectional_reach,conversations,ce_conversations_per_airtime_s,max_tx_per_node,avg_tx_per_node,p95_tx_per_node,reach_gen_first60s,reach_gen_first300s,meta_scenario,meta_seed,meta_n_nodes,meta_hop_limit,meta_dms,meta_avg_neighbors_t0,tx_start_interarrival_p50_ms,tx_start_interarrival_p95_ms,simultaneous_tx_peak,tx_burst_size_p95,collision_per_tx,collision_per_delivered,adaptive_primary_selected,adaptive_primary_success,adaptive_primary_failure,adaptive_backup1_triggered,adaptive_backup1_success,adaptive_backup2_triggered,adaptive_backup2_success,adaptive_mini_flood_triggered,adaptive_mpr_forward,adaptive_suppressed_forward,adaptive_route_switches,adaptive_primary_flaps,adaptive_sector_candidates,adaptive_sector_primary_selected,adaptive_unique_coverage_preserved,adaptive_cross_sector_suppression,adaptive_same_sector_inhibition,adaptive_segment_fallback,adaptive_confidence_low_time_ms,adaptive_gossip_forwards,ar_cancel_in_air,ar_cancel_residual_empty,ar_cancel_echo,ar_covered_elsewhere,watchdog_false_failure,ndb_entries,ndb_census_shield,ndb_radius_scaled,suppression_regret,unique_relay_suppressed,backup1_useful,backup1_redundant,backup2_useful,backup2_redundant,mini_flood_delivered,topk_evictions,mobility_recommend_mute,mobility_relay_suppressed,shepherd_msgs_tx,collect_hears,collect_ignored_scope,rescues_during_collect,rescue_budget_denied,shepherd_election_cancelled,boost_windows,boost_exits,suppressed_by_census,copies_before_suppress,copies_before_forward,n3_forward_rank0,n3_forward_rank1,n3_forward_rank2,n3_fallback_suppressed,n3_shep_rescues,n4_airtime_granted,n4_starved,neighborinfo_tx,neighborinfo_bytes,neighborinfo_airtime,neighborinfo_full_tx,neighborinfo_delta_tx,neighborinfo_delta_miss,neighborinfo_raw_bytes,neighborinfo_encoded_bytes,known_1hop,known_2hop,unique_bridge_detected,suppression_blocked_unique,suppression_blocked_low_alt,adaptive_inhibition_weak,adaptive_inhibition_medium,adaptive_inhibition_strong,known_2hop_entries,advertised_entries,functional_segments,segment_changes,frontier_suppression_regret,relay_fatigue_mean,relay_fatigue_max,topk_table_high_mean,tx_by_role,death_count,death_reasons,death_mean_local_degree,death_mean_alt_paths,death_mean_confidence,death_mean_residual_cov,death_mean_my_unique_cov,death_mean_segment_count,death_frac_unique_gt0,death_frac_alt_le1,dm_acked,tx_per_successful_hop,fallbacks_per_delivered_dm,variant
ADAPTIVE_RELAY,rural_corridor,2,36,600,30,7,False,LONG_FAST,6,0,5,40,False,,,relay,,,,461,2819,0.17471335605825844,3223,3349334.0160000017,2046,7384,5312,0.27708559046587217,20951.294096479884,52387.794851149665,379,1945,1.1433132316424264,547,506,0.925,0,0.0,105,89.52777777777777,104,0.20114285714285715,0.18103241296518607,rural_corridor,2,36,7,False,2.22,0.0,0.0,468,72,0.6348,0.7258,0,0,0,0,0,0,0,0,0,0,0,0,0,0,0,0,0,0,0,0,0,0,0,0,0,542,10,0,0,0,0,0,0,0,0,0,0,0,0,0,0,0,0,0,0,0,8,16,2735,333,2037,363,8,0,0.0,0,0,0,0.0,0,0,0,0,0,127,427,0,0,0,0,0,0,581,0,72,88,8,0.0,0.0,0.0,"{""CLIENT"": 3223}",8,"{""census_suppress"": 8}",3.875,0.9,0.871,1.0,1.0,1.875,0.5,0.875,0,3223.0,0.0,N3S_SHEP2D_NDB
ADAPTIVE_RELAY,rural_corridor,1,36,600,30,7,False,LONG_FAST,6,0,5,40,False,,,relay,,,,452,2848,0.18002528445006322,3233,3345164.2880000016,1978,7520,5468,0.26303191489361705,22144.19688993052,56898.63520368404,419,2046,1.135182584269663,546,498,0.9121,0,0.0,109,89.80555555555556,105,0.2,0.1811158798283262,rural_corridor,1,36,7,False,2.28,0.0,0.0,468,72,0.6118,0.6945,0,0,0,0,0,0,0,0,0,0,0,0,0,0,0,0,0,0,0,0,0,0,0,0,0,549,50,0,0,0,0,0,0,0,0,0,0,0,0,0,0,0,0,0,0,0,7,14,2759,365,2028,356,7,0,0.0,0,0,0,0.0,0,0,0,0,0,134,443,0,0,0,0,0,0,578,0,76,91,4,0.0,0.0,0.0,"{""CLIENT"": 3233}",7,"{""census_suppress"": 7}",3.857,0.771,0.841,1.714,1.714,2.429,0.714,1.0,0,3233.0,0.0,N3S_SHEP2D_NDB
ADAPTIVE_RELAY,rural_corridor,3,36,600,30,7,False,LONG_FAST,6,0,5,40,False,,,relay,,,,467,2922,0.17877026613643315,3274,3388946.432000002,1925,7484,5496,0.2572153928380545,22582.753338934144,58280.60737412902,366,1990,1.1204654346338125,552,504,0.913,0,0.0,111,90.94444444444444,104,0.18706199460916442,0.1905982905982906,rural_corridor,3,36,7,False,2.22,0.0,0.0,396,72,0.588,0.6588,0,0,0,0,0,0,0,0,0,0,0,0,0,0,0,0,0,0,0,0,0,0,0,0,0,566,69,0,0,0,0,0,0,0,0,0,0,0,0,0,0,0,0,0,0,0,10,20,2815,427,1990,397,10,0,0.0,0,0,0,0.0,0,0,0,0,0,127,418,0,0,0,0,0,0,587,0,74,90,8,0.0,0.0,0.0,"{""CLIENT"": 3274}",10,"{""census_suppress"": 10}",3.8,0.63,0.644,1.1,1.1,0.8,0.6,0.9,0,3274.0,0.0,N3S_SHEP2D_NDB
ADAPTIVE_RELAY,rural_corridor,4,36,600,30,7,False,LONG_FAST,6,0,5,40,False,,,relay,,,,461,2858,0.17713046172916022,3245,3376437.2480000015,2019,7416,5381,0.27224919093851135,21314.02672937352,53803.404600420385,369,1961,1.1354093771868439,551,504,0.9147,0,0.0,105,90.13888888888889,102,0.2010989010989011,0.18278388278388277,rural_corridor,4,36,7,False,2.28,0.0,0.0,432,72,0.6222,0.7064,0,0,0,0,0,0,0,0,0,0,0,0,0,0,0,0,0,0,0,0,0,0,0,0,0,564,88,0,0,0,0,0,0,0,0,0,0,0,0,0,0,0,0,0,0,0,8,16,2770,369,2010,389,8,0,0.0,0,0,0,0.0,0,0,0,0,0,131,420,0,0,0,0,0,0,585,0,71,85,5,0.0,0.0,0.0,"{""CLIENT"": 3245}",8,"{""census_suppress"": 8}",4.0,0.562,0.761,0.875,0.875,1.875,0.5,1.0,0,3245.0,0.0,N3S_SHEP2D_NDB
ADAPTIVE_RELAY,rural_corridor,6,36,600,30,7,False,LONG_FAST,6,0,5,40,False,,,relay,,,,468,2763,0.1686813186813187,3163,3273236.480000002,1899,7146,5188,0.26574307304785894,20113.84357953014,51707.03033187881,351,1857,1.1447701773434673,533,498,0.9343,0,0.0,107,87.86111111111111,103,0.19576719576719576,0.17777777777777778,rural_corridor,6,36,7,False,2.22,0.0,0.0,432,72,0.6004,0.6873,0,0,0,0,0,0,0,0,0,0,0,0,0,0,0,0,0,0,0,0,0,0,0,0,0,559,43,0,0,0,0,0,0,0,0,0,0,0,0,0,0,0,0,0,0,0,10,20,2688,369,1937,381,10,0,0.0,0,0,0,0.0,0,0,0,0,0,124,409,0,0,0,0,0,0,567,0,72,84,9,0.0,0.0,0.0,"{""CLIENT"": 3163}",10,"{""census_suppress"": 10}",3.6,0.72,0.772,1.7,1.7,2.0,0.8,0.9,0,3163.0,0.0,N3S_SHEP2D_NDB
ADAPTIVE_RELAY,rural_corridor,5,36,600,30,7,False,LONG_FAST,6,0,5,40,False,,,relay,,,,463,2849,0.1758099352051836,3183,3297212.4160000016,1886,7368,5429,0.255971769815418,21014.422687010763,50305.04525007076,376,1992,1.1172341172341171,558,512,0.9176,0,0.0,109,88.41666666666667,102,0.19245283018867926,0.18021978021978022,rural_corridor,5,36,7,False,2.22,0.0,0.0,396,72,0.5925,0.662,0,0,0,0,0,0,0,0,0,0,0,0,0,0,0,0,0,0,0,0,0,0,0,0,0,562,109,0,0,0,0,0,0,0,0,0,0,0,0,0,0,0,0,0,0,0,1,2,2766,373,2042,346,1,0,0.0,0,0,0,0.0,0,0,0,0,0,141,448,0,0,0,0,0,0,591,0,77,91,1,0.0,0.0,0.0,"{""CLIENT"": 3183}",1,"{""census_suppress"": 1}",4.0,1.8,0.88,0.0,0.0,1.0,0.0,0.0,0,3183.0,0.0,N3S_SHEP2D_NDB
ADAPTIVE_RELAY,rural_corridor,7,36,600,30,7,False,LONG_FAST,6,0,5,40,False,,,relay,,,,452,2866,0.1811630847029077,3267,3382691.8400000017,2125,7542,5349,0.28175550251922565,20790.80954833743,51994.491684309025,388,1915,1.1399162595952548,550,508,0.9236,0,0.0,107,90.75,105,0.1978021978021978,0.18419452887537993,rural_corridor,7,36,7,False,2.28,0.0,0.0,432,72,0.6504,0.7415,0,0,0,0,0,0,0,0,0,0,0,0,0,0,0,0,0,0,0,0,0,0,0,0,0,548,105,0,0,0,0,0,0,0,0,0,0,0,0,0,0,0,0,0,0,0,7,14,2787,341,2018,423,7,0,0.0,0,0,0,0.0,0,0,0,0,0,127,442,0,0,0,0,0,0,580,0,73,86,5,0.0,0.0,0.0,"{""CLIENT"": 3267}",7,"{""census_suppress"": 7}",4.714,1.543,0.897,2.143,2.143,1.286,1.0,0.571,0,3267.0,0.0,N3S_SHEP2D_NDB
ADAPTIVE_RELAY,rural_corridor,8,36,600,30,7,False,LONG_FAST,6,0,5,40,False,,,relay,,,,464,2911,0.1792487684729064,3306,3409795.0720000016,1994,7586,5494,0.26285262325336145,22170.87192806808,55577.467404883355,367,2024,1.1356922019924425,559,518,0.9267,0,0.0,107,91.83333333333333,104,0.19439775910364146,0.19043531575720418,rural_corridor,8,36,7,False,2.28,0.0,0.0,432,72,0.6031,0.685,0,0,0,0,0,0,0,0,0,0,0,0,0,0,0,0,0,0,0,0,0,0,0,0,0,588,125,0,0,0,0,0,0,0,0,0,0,0,0,0,0,0,0,0,0,0,8,16,2821,385,2066,367,8,0,0.0,0,0,0,0.0,0,0,0,0,0,128,460,0,0,0,0,0,0,593,0,67,89,6,0.0,0.0,0.0,"{""CLIENT"": 3306}",8,"{""census_suppress"": 8}",3.5,0.338,0.678,0.875,0.875,1.0,0.5,1.0,0,3306.0,0.0,N3S_SHEP2D_NDB
ADAPTIVE_RELAY,rural_corridor,10,36,600,30,7,False,LONG_FAST,6,0,5,40,False,,,relay,,,,466,2800,0.17167381974248927,3167,3280533.5040000016,1928,7229,5246,0.26670355512519023,19420.42675836428,48094.90393096542,355,1882,1.1310714285714285,538,490,0.9108,0,0.0,112,87.97222222222223,106,0.19314285714285714,0.18235294117647058,rural_corridor,10,36,7,False,2.22,0.0,0.0,432,72,0.6088,0.6886,0,0,0,0,0,0,0,0,0,0,0,0,0,0,0,0,0,0,0,0,0,0,0,0,0,549,48,0,0,0,0,0,0,0,0,0,0,0,0,0,0,0,0,0,0,0,7,14,2726,327,1997,398,7,0,0.0,0,0,0,0.0,0,0,0,0,0,126,421,0,0,0,0,0,0,571,0,73,87,3,0.0,0.0,0.0,"{""CLIENT"": 3167}",7,"{""census_suppress"": 7}",4.0,0.771,0.788,1.0,1.0,2.0,0.857,0.857,0,3167.0,0.0,N3S_SHEP2D_NDB
ADAPTIVE_RELAY,rural_corridor,9,36,600,30,7,False,LONG_FAST,6,0,5,40,False,,,relay,,,,460,2866,0.17801242236024845,3212,3337867.264000002,1897,7362,5430,0.25767454496060854,21283.217753378776,54578.53522766879,355,1978,1.1207257501744592,551,514,0.9328,0,0.0,105,89.22222222222223,103,0.2,0.18847332924586144,rural_corridor,9,36,7,False,2.28,0.0,0.0,432,72,0.5906,0.6619,0,0,0,0,0,0,0,0,0,0,0,0,0,0,0,0,0,0,0,0,0,0,0,0,0,567,62,0,0,0,0,0,0,0,0,0,0,0,0,0,0,0,0,0,0,0,6,12,2781,371,1993,415,6,0,0.0,0,0,0,0.0,0,0,0,0,0,130,426,0,0,0,0,0,0,586,0,76,87,6,0.0,0.0,0.0,"{""CLIENT"": 3212}",6,"{""census_suppress"": 6}",3.5,1.2,0.84,1.333,1.333,2.0,0.667,0.833,0,3212.0,0.0,N3S_SHEP2D_NDB
