router,scenario,seed,nodes,simtime_s,period_s,hop_limit,dms,modem,capture_db,clock_drift_ppm,model,packet_len,movement,kill_at_s,ar_params,messages_generated,messages_delivered_pairs,reach,tx_count,tx_airtime_ms,collisions,sensed,received,collision_rate,latency_mean_ms,latency_p95_ms,retransmissions,dropped,tx_per_delivered,one_way_pairs,bidirectional_pairs,bidirectional_reach,conversations,ce_conversations_per_airtime_s,max_tx_per_node,avg_tx_per_node,p95_tx_per_node,reach_gen_first60s,reach_gen_first300s,meta_n_per_cluster,meta_scenario,meta_seed,meta_n_nodes,meta_hop_limit,meta_dms,meta_avg_neighbors_t0,tx_start_interarrival_p50_ms,tx_start_interarrival_p95_ms,simultaneous_tx_peak,tx_burst_size_p95,collision_per_tx,collision_per_delivered,variant,adaptive_primary_selected,adaptive_primary_success,adaptive_primary_failure,adaptive_backup1_triggered,adaptive_backup1_success,adaptive_backup2_triggered,adaptive_backup2_success,adaptive_mini_flood_triggered,adaptive_mpr_forward,adaptive_suppressed_forward,adaptive_route_switches,adaptive_primary_flaps,adaptive_sector_candidates,adaptive_sector_primary_selected,adaptive_unique_coverage_preserved,adaptive_cross_sector_suppression,adaptive_same_sector_inhibition,adaptive_segment_fallback,adaptive_confidence_low_time_ms,adaptive_gossip_forwards,ar_cancel_in_air,ar_cancel_residual_empty,ar_cancel_echo,ar_covered_elsewhere,watchdog_false_failure,suppression_regret,unique_relay_suppressed,backup1_useful,backup1_redundant,backup2_useful,backup2_redundant,mini_flood_delivered,topk_evictions,mobility_recommend_mute,mobility_relay_suppressed,shepherd_msgs_tx,collect_hears,collect_ignored_scope,rescues_during_collect,rescue_budget_denied,shepherd_election_cancelled,boost_windows,boost_exits,suppressed_by_census,copies_before_suppress,copies_before_forward,n3_forward_rank0,n3_forward_rank1,n3_forward_rank2,n3_fallback_suppressed,n3_shep_rescues,n4_airtime_granted,n4_starved,neighborinfo_tx,neighborinfo_bytes,neighborinfo_airtime,neighborinfo_full_tx,neighborinfo_delta_tx,neighborinfo_delta_miss,neighborinfo_raw_bytes,neighborinfo_encoded_bytes,known_1hop,known_2hop,unique_bridge_detected,suppression_blocked_unique,suppression_blocked_low_alt,adaptive_inhibition_weak,adaptive_inhibition_medium,adaptive_inhibition_strong,client_repeats,asymmetric_link_suppression,asym_suppressed_but_lost,probe_tx,probe_airtime,probe_responses_received,probe_responses,known_2hop_entries,advertised_entries,functional_segments,segment_changes,frontier_suppression_regret,relay_fatigue_mean,relay_fatigue_max,topk_table_high_mean,tx_by_role,death_count,death_reasons,death_mean_local_degree,death_mean_alt_paths,death_mean_confidence,death_mean_residual_cov,death_mean_my_unique_cov,death_mean_segment_count,death_frac_unique_gt0,death_frac_alt_le1,dm_acked,tx_per_successful_hop,fallbacks_per_delivered_dm
MANAGED_FLOOD,bridge,2,25,600,30,5,True,SHORT_SLOW,6,0,5,40,False,,,415,5442,0.5463855421686747,3517,263171.84,672,32016,16055,0.020989505247376312,99556.43573741626,243104.28799999977,672,9523,0.6462697537669975,600,600,1.0,55,0.208989,190,140.68,178,0.7708333333333334,0.751207729468599,12,bridge,2,25,5,True,9.12,0.0,0.0,100,50,0.1911,0.1235,MF,,,,,,,,,,,,,,,,,,,,,,,,,,,,,,,,,,,,,,,,,,,,,,,,,,,,,,,,,,,,,,,,,,,,,,,,,,,,,,,,,,,,,,,,,,,,,,,,,,
MANAGED_FLOOD,bridge,1,25,600,30,5,True,SHORT_SLOW,6,0,5,40,False,,,424,5759,0.565939465408805,3629,247642.6240000003,904,37709,16631,0.0239730568299345,108151.84561852002,255610.9577399944,599,9993,0.6301441222434451,600,600,1.0,58,0.234208,222,145.16,202,0.7790880503144654,0.7889492753623188,12,bridge,1,25,5,True,10.56,0.0,0.0,75,50,0.2491,0.157,MF,,,,,,,,,,,,,,,,,,,,,,,,,,,,,,,,,,,,,,,,,,,,,,,,,,,,,,,,,,,,,,,,,,,,,,,,,,,,,,,,,,,,,,,,,,,,,,,,,,
MANAGED_FLOOD,bridge,4,25,600,30,5,True,SHORT_SLOW,6,0,5,40,False,,,424,5565,0.546875,3548,234157.82400000005,646,37227,16551,0.0173529964810487,109290.5592673243,263047.41931938793,691,10056,0.6375561545372866,600,600,1.0,53,0.226343,200,141.92,172,0.8583333333333333,0.7849770642201835,12,bridge,4,25,5,True,10.64,0.0,0.0,75,50,0.1821,0.1161,MF,,,,,,,,,,,,,,,,,,,,,,,,,,,,,,,,,,,,,,,,,,,,,,,,,,,,,,,,,,,,,,,,,,,,,,,,,,,,,,,,,,,,,,,,,,,,,,,,,,
MANAGED_FLOOD,bridge,3,25,600,30,5,True,SHORT_SLOW,6,0,5,40,False,,,423,5726,0.564026792750197,3532,257541.88800000018,667,35722,17349,0.018671966855159285,101741.89820147191,235088.04799999954,664,10718,0.6168354872511351,600,600,1.0,66,0.256269,232,141.28,181,0.8055555555555556,0.7647058823529411,12,bridge,3,25,5,True,10.48,0.0,0.0,75,50,0.1888,0.1165,MF,,,,,,,,,,,,,,,,,,,,,,,,,,,,,,,,,,,,,,,,,,,,,,,,,,,,,,,,,,,,,,,,,,,,,,,,,,,,,,,,,,,,,,,,,,,,,,,,,,
MANAGED_FLOOD,bridge,5,25,600,30,5,True,SHORT_SLOW,6,0,5,40,False,,,419,5418,0.538782816229117,3293,238536.19199999998,598,33313,16087,0.017950950079548524,100403.01486546235,239741.84000000032,697,9860,0.6077888519748985,600,600,1.0,64,0.268303,192,131.72,168,0.7655228758169934,0.7350230414746544,12,bridge,5,25,5,True,10.24,0.0,0.0,75,50,0.1816,0.1104,MF,,,,,,,,,,,,,,,,,,,,,,,,,,,,,,,,,,,,,,,,,,,,,,,,,,,,,,,,,,,,,,,,,,,,,,,,,,,,,,,,,,,,,,,,,,,,,,,,,,
MANAGED_FLOOD,bridge,6,25,600,30,5,True,SHORT_SLOW,6,0,5,40,False,,,433,5933,0.5709199384141648,3474,248804.0960000003,987,36743,17479,0.02686225947799581,92013.7378983755,215652.6025249014,555,10683,0.5855385133996291,600,600,1.0,65,0.26125,214,138.96,190,0.8161764705882353,0.7678834808259587,12,bridge,6,25,5,True,10.8,0.0,0.0,75,50,0.2841,0.1664,MF,,,,,,,,,,,,,,,,,,,,,,,,,,,,,,,,,,,,,,,,,,,,,,,,,,,,,,,,,,,,,,,,,,,,,,,,,,,,,,,,,,,,,,,,,,,,,,,,,,
MANAGED_FLOOD,bridge,7,25,600,30,5,True,SHORT_SLOW,6,0,5,40,False,,,420,5594,0.5549603174603175,3679,252175.36000000025,756,36471,15895,0.020728798223245866,103062.54097917271,251863.4948262751,577,9574,0.6576689309974973,600,600,1.0,62,0.245861,204,147.16,189,0.7696078431372549,0.7374813153961136,12,bridge,7,25,5,True,10.08,0.0,0.0,75,50,0.2055,0.1351,MF,,,,,,,,,,,,,,,,,,,,,,,,,,,,,,,,,,,,,,,,,,,,,,,,,,,,,,,,,,,,,,,,,,,,,,,,,,,,,,,,,,,,,,,,,,,,,,,,,,
MANAGED_FLOOD,bridge,8,25,600,30,5,True,SHORT_SLOW,6,0,5,40,False,,,414,5462,0.5497181964573269,2990,219573.50399999996,457,31868,16057,0.014340404167189657,84858.941678481,196865.50423050014,688,9918,0.5474185280117173,587,574,0.9779,72,0.327908,181,119.6,142,0.7704402515723271,0.6967275494672754,12,bridge,8,25,5,True,10.88,0.0,0.0,75,50,0.1528,0.0837,MF,,,,,,,,,,,,,,,,,,,,,,,,,,,,,,,,,,,,,,,,,,,,,,,,,,,,,,,,,,,,,,,,,,,,,,,,,,,,,,,,,,,,,,,,,,,,,,,,,,
MANAGED_FLOOD,bridge,9,25,600,30,5,True,SHORT_SLOW,6,0,5,40,False,,,429,5619,0.5457459207459208,3488,242974.72000000018,631,35891,16569,0.017581009166643447,105159.715342429,240988.34419537184,664,10218,0.6207510233137569,588,576,0.9796,64,0.263402,198,139.52,182,0.7455357142857143,0.7327777777777778,12,bridge,9,25,5,True,10.56,0.0,0.0,75,50,0.1809,0.1123,MF,,,,,,,,,,,,,,,,,,,,,,,,,,,,,,,,,,,,,,,,,,,,,,,,,,,,,,,,,,,,,,,,,,,,,,,,,,,,,,,,,,,,,,,,,,,,,,,,,,
MANAGED_FLOOD,bridge,10,25,600,30,5,True,SHORT_SLOW,6,0,5,40,False,,,421,5455,0.5398851939825812,3131,248904.96,593,31425,16674,0.0188703261734288,90714.37146109923,204389.66623019805,671,10265,0.5739688359303391,592,584,0.9865,72,0.289267,183,125.24,164,0.7175,0.7125576036866359,12,bridge,10,25,5,True,10.48,0.0,0.0,75,50,0.1894,0.1087,MF,,,,,,,,,,,,,,,,,,,,,,,,,,,,,,,,,,,,,,,,,,,,,,,,,,,,,,,,,,,,,,,,,,,,,,,,,,,,,,,,,,,,,,,,,,,,,,,,,,
ADAPTIVE_RELAY,bridge,1,25,600,30,5,True,SHORT_SLOW,6,0,5,40,False,,,432,7864,0.7584876543209876,2906,335148.288,1159,29909,24397,0.03875087766224213,37946.66649944518,102296.82752574421,582,7480,0.36953204476093593,600,600,1.0,101,0.301359,234,116.24,197,0.5407986111111112,0.5209235209235209,12,bridge,1,25,5,True,10.56,0.0,0.0,75,50,0.3988,0.1474,N3S_SHEP2D,276,76,851,453,420,0,0,247,0,0,1740,340,0,0,0,0,0,650,0,0,0,0,33,330,149,0,0,252,167,0,0,137,0,0,0,1,0,8,0,0,0,0,0,12,24,1674,374,464,833,12,0,0.0,0,0,0,0.0,0,0,0,0,0,292,327,0,0,0,0,0,0,79,3964,201,146,19915.264,32,48,623,0,34,315,12,0.0,0.0,0.0,"{""CLIENT"": 2906}",12,"{""census_suppress"": 12}",8.833,2.104,0.703,3.167,3.167,2.333,0.667,0.75,101,38.2368,18.0891
ADAPTIVE_RELAY,bridge,2,25,600,30,5,True,SHORT_SLOW,6,0,5,40,False,,,397,7184,0.7539882451721243,2885,338669.05600000016,1048,26230,22169,0.039954250857796414,43462.24855293038,107363.10497944722,613,7393,0.401586859688196,600,600,1.0,92,0.271652,207,115.4,155,0.5049603174603174,0.47363123993558776,12,bridge,2,25,5,True,9.12,0.0,0.0,75,50,0.3633,0.1459,N3S_SHEP2D,270,22,804,328,311,0,0,239,0,0,1353,287,0,0,0,0,0,628,0,0,0,0,17,197,62,0,0,135,174,0,0,96,0,0,0,0,0,0,0,0,0,0,0,7,14,1851,432,618,801,6,0,0.0,0,0,0,0.0,0,0,0,0,0,297,469,0,0,0,0,0,0,52,3535,176,152,20633.856000000003,29,49,621,0,29,325,5,0.0,0.0,0.0,"{""CLIENT"": 2885}",7,"{""census_suppress"": 7}",10.0,4.87,0.758,1.286,1.286,1.857,0.429,0.286,92,131.1364,18.7283
ADAPTIVE_RELAY,bridge,3,25,600,30,5,True,SHORT_SLOW,6,0,5,40,False,,,427,7482,0.7300936768149883,2810,331536.89600000007,1033,28052,23439,0.036824468843576215,35236.51368021278,103214.54990790182,535,7272,0.3755680299385191,600,600,1.0,91,0.274479,200,112.4,163,0.4954710144927536,0.5093654434250765,12,bridge,3,25,5,True,10.48,0.0,0.0,75,50,0.3676,0.1381,N3S_SHEP2D,283,60,955,459,436,0,0,278,0,0,1782,344,0,0,0,0,0,725,0,0,0,0,23,296,168,0,0,221,212,0,0,135,0,0,0,0,0,0,0,0,0,0,0,12,24,1433,399,275,758,12,0,0.0,0,0,0,0.0,0,0,0,0,0,293,428,0,0,0,0,0,0,96,4277,230,155,21660.415999999997,46,56,625,0,28,323,9,0.0,0.0,0.0,"{""CLIENT"": 2810}",12,"{""census_suppress"": 12}",11.0,2.071,0.761,3.667,3.667,2.667,0.75,0.75,91,46.8333,22.5714
ADAPTIVE_RELAY,bridge,4,25,600,30,5,True,SHORT_SLOW,6,0,5,40,False,,,418,7697,0.7672448165869219,2787,315409.4080000001,1175,28869,23390,0.04070109806366691,35874.915658294,97723.71357088692,554,7141,0.36208912563336365,600,600,1.0,97,0.307537,203,111.48,158,0.5055555555555555,0.5181481481481481,12,bridge,4,25,5,True,10.64,0.0,0.0,75,50,0.4216,0.1527,N3S_SHEP2D,274,72,791,421,393,0,0,243,0,0,1638,333,0,0,0,0,0,607,0,0,0,0,27,275,134,0,0,221,165,0,0,126,0,0,0,0,0,0,0,0,0,0,0,7,14,1649,384,520,742,6,0,0.0,0,0,0,0.0,0,0,0,0,0,294,402,0,0,0,0,0,0,66,3600,184,150,20736.512,42,52,623,0,26,325,2,0.0,0.0,0.0,"{""CLIENT"": 2787}",7,"{""census_suppress"": 7}",12.286,3.787,0.843,2.0,2.0,1.714,1.0,0.429,97,38.7083,17.5979
ADAPTIVE_RELAY,bridge,5,25,600,30,5,True,SHORT_SLOW,6,0,5,40,False,,,432,7705,0.7431520061728395,2900,339575.04000000004,1144,28711,23616,0.03984535543868204,49740.216875605176,135990.4589166625,587,7402,0.37637897469175857,600,600,1.0,89,0.262092,235,116.0,177,0.5037037037037037,0.5196188340807175,12,bridge,5,25,5,True,10.24,0.0,0.0,75,50,0.3945,0.1485,N3S_SHEP2D,274,53,932,432,397,0,0,247,0,0,1674,328,0,0,0,0,0,666,0,0,0,0,35,266,141,0,0,223,172,0,0,122,0,0,0,0,0,0,0,0,0,0,0,1,2,1556,393,559,603,1,0,0.0,0,0,0,0.0,0,0,0,0,0,290,417,0,0,0,0,0,0,88,3809,266,153,20941.824,38,51,624,0,50,321,,0.0,0.0,0.0,"{""CLIENT"": 2900}",1,"{""census_suppress"": 1}",11.0,0.6,0.852,11.0,11.0,4.0,1.0,1.0,89,54.717,21.7191
ADAPTIVE_RELAY,bridge,6,25,600,30,5,True,SHORT_SLOW,6,0,5,40,False,,,442,7905,0.7451923076923077,2820,331515.904,1326,29639,24461,0.044738351496339285,31860.24559001734,97529.72213248751,545,7618,0.3567362428842505,600,600,1.0,102,0.307678,221,112.8,167,0.5625,0.5385546334716459,12,bridge,6,25,5,True,10.8,0.0,0.0,75,50,0.4702,0.1677,N3S_SHEP2D,281,63,950,450,429,0,0,280,0,0,1772,345,0,0,0,0,0,750,0,0,0,0,21,308,193,0,0,251,173,0,0,161,0,0,0,1,0,5,0,0,0,0,0,14,28,1432,299,340,792,14,0,0.0,0,0,0,0.0,0,0,0,0,0,292,354,0,0,0,0,0,0,84,4371,200,139,19812.607999999997,37,54,625,0,46,314,7,0.0,0.0,0.0,"{""CLIENT"": 2820}",14,"{""census_suppress"": 14}",12.214,1.55,0.839,3.643,3.643,4.0,0.786,0.857,102,44.7619,20.2353
ADAPTIVE_RELAY,bridge,7,25,600,30,5,True,SHORT_SLOW,6,0,5,40,False,,,427,7431,0.7251170960187353,2994,340439.8080000001,1120,29055,23029,0.03854758217174325,43981.15533700404,129995.73600000015,553,7435,0.4029067420266451,600,600,1.0,91,0.267301,219,119.76,188,0.5047348484848485,0.5099118942731278,12,bridge,7,25,5,True,10.08,0.0,0.0,75,50,0.3741,0.1507,N3S_SHEP2D,280,60,929,442,417,0,0,250,0,0,1680,309,0,0,0,0,0,717,0,0,0,0,25,327,177,0,0,242,167,0,0,133,0,0,0,0,0,0,0,0,0,0,0,5,10,1471,290,412,768,5,0,0.0,0,0,0,0.0,0,0,0,0,0,285,459,0,0,0,0,0,0,91,3505,212,154,20941.824,38,50,624,0,34,315,5,0.0,0.0,0.0,"{""CLIENT"": 2994}",5,"{""census_suppress"": 5}",10.6,3.698,0.846,4.6,4.6,2.6,1.0,0.4,91,49.9,21.8352
ADAPTIVE_RELAY,bridge,8,25,600,30,5,True,SHORT_SLOW,6,0,5,40,False,,,428,8012,0.7799844236760125,2879,322288.89600000007,1068,30537,24298,0.034973966008448765,41350.2277723635,117727.43213713283,580,7130,0.35933599600599103,600,600,1.0,106,0.328897,239,115.16,149,0.5251937984496124,0.5497010463378177,12,bridge,8,25,5,True,10.88,0.0,0.0,75,50,0.371,0.1333,N3S_SHEP2D,276,52,930,467,432,0,0,253,0,0,1675,323,0,0,0,0,0,686,0,0,0,0,35,286,161,0,0,262,164,0,0,138,0,0,0,0,0,0,0,0,0,0,0,2,4,1323,294,450,574,2,0,0.0,0,0,0,0.0,0,0,0,0,0,292,438,0,0,0,0,0,0,80,4114,244,166,23713.535999999996,52,65,625,0,30,318,2,0.0,0.0,0.0,"{""CLIENT"": 2879}",2,"{""census_suppress"": 2}",13.0,3.255,0.797,0.5,0.5,2.0,0.5,0.0,106,55.3654,18.3868
ADAPTIVE_RELAY,bridge,10,25,600,30,5,True,SHORT_SLOW,6,0,5,40,False,,,444,7754,0.7276651651651652,2768,338964.9920000001,1047,27572,23805,0.03797330625272015,31618.65913656409,94522.9600000002,522,7320,0.35697704410626774,599,598,0.9983,101,0.297966,207,110.72,166,0.53125,0.5079277286135693,12,bridge,10,25,5,True,10.48,0.0,0.0,75,50,0.3783,0.135,N3S_SHEP2D,286,58,938,490,462,0,0,250,0,0,1751,323,0,0,0,0,0,685,0,0,0,0,28,346,174,0,0,275,184,0,0,131,0,0,0,0,0,0,0,0,0,0,0,10,20,1480,285,454,737,10,0,0.0,0,0,0,0.0,0,0,0,0,0,287,463,0,0,0,0,0,0,98,4366,253,154,20839.167999999998,36,49,624,0,29,322,4,0.0,0.0,0.0,"{""CLIENT"": 2768}",10,"{""census_suppress"": 10}",9.0,1.777,0.72,3.4,3.4,1.5,0.9,0.8,101,47.7241,19.5149
ADAPTIVE_RELAY,bridge,9,25,600,30,5,True,SHORT_SLOW,6,0,5,40,False,,,426,7513,0.734839593114241,2999,332385.53600000014,1117,30621,24019,0.03647823389177362,43339.103540200864,115438.43343989231,596,7461,0.3991747637428457,600,600,1.0,94,0.282804,204,119.96,173,0.499113475177305,0.4954128440366973,12,bridge,9,25,5,True,10.56,0.0,0.0,100,50,0.3725,0.1487,N3S_SHEP2D,281,49,947,461,435,0,0,283,0,0,1714,316,0,0,0,0,0,746,0,0,0,0,26,311,116,0,0,217,209,0,0,119,0,0,0,1,0,7,0,0,0,0,0,8,16,1410,378,268,761,8,0,0.0,0,0,0,0.0,0,0,0,0,0,289,385,0,0,0,0,0,0,79,3889,201,160,23097.6,52,65,624,0,31,312,8,0.0,0.0,0.0,"{""CLIENT"": 2999}",8,"{""census_suppress"": 8}",10.5,2.531,0.814,1.125,1.125,2.5,0.5,0.5,94,61.2041,21.8617
