router,scenario,seed,nodes,simtime_s,period_s,hop_limit,dms,modem,capture_db,clock_drift_ppm,model,packet_len,movement,kill_at_s,revive_at_s,kill_mode,deaf_at_s,deaf_until_s,ar_params,messages_generated,messages_delivered_pairs,reach,tx_count,tx_airtime_ms,collisions,sensed,received,collision_rate,latency_mean_ms,latency_p95_ms,retransmissions,dropped,tx_per_delivered,one_way_pairs,bidirectional_pairs,bidirectional_reach,conversations,ce_conversations_per_airtime_s,max_tx_per_node,avg_tx_per_node,p95_tx_per_node,reach_gen_first60s,reach_gen_first300s,meta_spacing_m,meta_scenario,meta_seed,meta_n_nodes,meta_hop_limit,meta_dms,meta_avg_neighbors_t0,tx_start_interarrival_p50_ms,tx_start_interarrival_p95_ms,simultaneous_tx_peak,tx_burst_size_p95,collision_per_tx,collision_per_delivered,variant,adaptive_primary_selected,adaptive_primary_success,adaptive_primary_failure,adaptive_backup1_triggered,adaptive_backup1_success,adaptive_backup2_triggered,adaptive_backup2_success,adaptive_mini_flood_triggered,adaptive_mpr_forward,adaptive_suppressed_forward,adaptive_route_switches,adaptive_primary_flaps,adaptive_sector_candidates,adaptive_sector_primary_selected,adaptive_unique_coverage_preserved,adaptive_cross_sector_suppression,adaptive_same_sector_inhibition,adaptive_segment_fallback,adaptive_confidence_low_time_ms,adaptive_gossip_forwards,ar_cancel_in_air,ar_cancel_residual_empty,ar_cancel_echo,ar_covered_elsewhere,watchdog_false_failure,suppression_regret,unique_relay_suppressed,backup1_useful,backup1_redundant,backup2_useful,backup2_redundant,mini_flood_delivered,topk_evictions,mobility_recommend_mute,mobility_relay_suppressed,shepherd_msgs_tx,collect_hears,collect_ignored_scope,rescues_during_collect,rescue_budget_denied,shepherd_election_cancelled,boost_windows,boost_exits,suppressed_by_census,copies_before_suppress,copies_before_forward,n3_forward_rank0,n3_forward_rank1,n3_forward_rank2,n3_fallback_suppressed,n3_shep_rescues,n4_airtime_granted,n4_starved,neighborinfo_tx,neighborinfo_bytes,neighborinfo_airtime,neighborinfo_full_tx,neighborinfo_delta_tx,neighborinfo_delta_miss,neighborinfo_raw_bytes,neighborinfo_encoded_bytes,known_1hop,known_2hop,unique_bridge_detected,suppression_blocked_unique,suppression_blocked_low_alt,adaptive_inhibition_weak,adaptive_inhibition_medium,adaptive_inhibition_strong,probe_tx,probe_airtime,probe_responses,asymmetric_link_suppression,asym_suppressed_but_lost,known_2hop_entries,advertised_entries,functional_segments,segment_changes,probe_responses_received,relay_fatigue_mean,relay_fatigue_max,topk_table_high_mean,tx_by_role,dm_acked,tx_per_successful_hop,fallbacks_per_delivered_dm,frontier_suppression_regret,death_count,death_reasons,death_mean_local_degree,death_mean_alt_paths,death_mean_confidence,death_mean_residual_cov,death_mean_my_unique_cov,death_mean_segment_count,death_frac_unique_gt0,death_frac_alt_le1
MANAGED_FLOOD,linear,2,25,600,30,7,True,LONG_FAST,6,0,5,40,False,,,relay,300.0,420.0,,406,1996,0.2048440065681445,2341,2254901.248000001,1092,4652,3508,0.234737747205503,14014.974909624194,38160.64627917705,175,1189,1.1728456913827656,320,296,0.925,24,0.010643,107,93.64,104,0.21180555555555555,0.2073268921095008,1208.1260974533564,linear,2,25,7,True,1.92,0.0,0.0,225,50,0.4665,0.5471,MF,,,,,,,,,,,,,,,,,,,,,,,,,,,,,,,,,,,,,,,,,,,,,,,,,,,,,,,,,,,,,,,,,,,,,,,,,,,,,,,,,,,,,,,,,,,,,,,,,
MANAGED_FLOOD,linear,4,25,600,30,7,True,LONG_FAST,6,0,5,40,False,,,relay,300.0,420.0,,401,2052,0.21321695760598502,2380,2309025.792000001,1138,4751,3558,0.23952852031151337,13720.636272983947,34064.50985081322,164,1199,1.1598440545808968,318,294,0.9245,22,0.009528,107,95.2,105,0.22833333333333333,0.21246069182389937,1208.1260974533564,linear,4,25,7,True,1.92,0.0,0.0,225,50,0.4782,0.5546,MF,,,,,,,,,,,,,,,,,,,,,,,,,,,,,,,,,,,,,,,,,,,,,,,,,,,,,,,,,,,,,,,,,,,,,,,,,,,,,,,,,,,,,,,,,,,,,,,,,
MANAGED_FLOOD,linear,3,25,600,30,7,True,LONG_FAST,6,0,5,40,False,,,relay,300.0,420.0,,415,2019,0.202710843373494,2381,2311626.7520000013,1182,4740,3501,0.24936708860759493,13163.557199876002,33541.53612584993,159,1145,1.1792966815255077,314,294,0.9363,26,0.011247,111,95.24,108,0.21920289855072464,0.2115530303030303,1208.1260974533564,linear,3,25,7,True,1.92,0.0,0.0,225,50,0.4964,0.5854,MF,,,,,,,,,,,,,,,,,,,,,,,,,,,,,,,,,,,,,,,,,,,,,,,,,,,,,,,,,,,,,,,,,,,,,,,,,,,,,,,,,,,,,,,,,,,,,,,,,
MANAGED_FLOOD,linear,1,25,600,30,7,True,LONG_FAST,6,0,5,40,False,,,relay,300.0,420.0,,405,2094,0.2154320987654321,2422,2314637.312000001,1154,4820,3615,0.23941908713692947,13533.886261986327,34360.28646427696,160,1189,1.1566380133715377,328,312,0.9512,21,0.009073,114,96.88,110,0.24365942028985507,0.22294628751974724,1208.1260974533564,linear,1,25,7,True,1.92,0.0,0.0,225,50,0.4765,0.5511,MF,,,,,,,,,,,,,,,,,,,,,,,,,,,,,,,,,,,,,,,,,,,,,,,,,,,,,,,,,,,,,,,,,,,,,,,,,,,,,,,,,,,,,,,,,,,,,,,,,
MANAGED_FLOOD,linear,8,25,600,30,7,True,LONG_FAST,6,0,5,40,False,,,relay,300.0,420.0,,401,2024,0.21030756442227763,2358,2282397.696000001,1135,4715,3515,0.24072110286320256,15621.361463206453,39273.298622716466,181,1185,1.1650197628458498,329,312,0.9483,25,0.010953,107,94.32,104,0.24083333333333334,0.2126777251184834,1208.1260974533564,linear,8,25,7,True,1.92,0.0,0.0,225,50,0.4813,0.5608,MF,,,,,,,,,,,,,,,,,,,,,,,,,,,,,,,,,,,,,,,,,,,,,,,,,,,,,,,,,,,,,,,,,,,,,,,,,,,,,,,,,,,,,,,,,,,,,,,,,
MANAGED_FLOOD,linear,5,25,600,30,7,True,LONG_FAST,6,0,5,40,False,,,relay,300.0,420.0,,402,2047,0.21216832504145938,2400,2326282.240000001,1131,4777,3606,0.23675947247226292,13321.532097635843,32866.89784693372,176,1209,1.172447484123107,315,304,0.9651,25,0.010747,117,96.0,109,0.22826086956521738,0.21622168284789645,1208.1260974533564,linear,5,25,7,True,1.92,0.0,0.0,225,50,0.4713,0.5525,MF,,,,,,,,,,,,,,,,,,,,,,,,,,,,,,,,,,,,,,,,,,,,,,,,,,,,,,,,,,,,,,,,,,,,,,,,,,,,,,,,,,,,,,,,,,,,,,,,,
MANAGED_FLOOD,linear,6,25,600,30,7,True,LONG_FAST,6,0,5,40,False,,,relay,300.0,420.0,,407,2039,0.20874283374283376,2370,2287206.400000001,1131,4746,3554,0.23830594184576487,14866.186050867667,37061.56726691482,182,1204,1.1623344776851399,313,288,0.9201,19,0.008307,108,94.8,106,0.21416666666666667,0.21378504672897197,1208.1260974533564,linear,6,25,7,True,1.92,0.0,0.0,200,50,0.4772,0.5547,MF,,,,,,,,,,,,,,,,,,,,,,,,,,,,,,,,,,,,,,,,,,,,,,,,,,,,,,,,,,,,,,,,,,,,,,,,,,,,,,,,,,,,,,,,,,,,,,,,,
MANAGED_FLOOD,linear,7,25,600,30,7,True,LONG_FAST,6,0,5,40,False,,,relay,300.0,420.0,,403,2005,0.20729942100909843,2367,2270154.7520000013,1120,4685,3507,0.2390608324439701,16031.379907269984,40893.136000000006,191,1178,1.1805486284289277,310,294,0.9484,19,0.008369,113,94.68,105,0.22193877551020408,0.2109500805152979,1208.1260974533564,linear,7,25,7,True,1.92,0.0,0.0,200,50,0.4732,0.5586,MF,,,,,,,,,,,,,,,,,,,,,,,,,,,,,,,,,,,,,,,,,,,,,,,,,,,,,,,,,,,,,,,,,,,,,,,,,,,,,,,,,,,,,,,,,,,,,,,,,
MANAGED_FLOOD,linear,9,25,600,30,7,True,LONG_FAST,6,0,5,40,False,,,relay,300.0,420.0,,415,2042,0.20502008032128513,2388,2299301.888000001,1159,4745,3538,0.24425711275026343,13225.595442078064,33709.59248191917,173,1166,1.169441723800196,307,286,0.9316,22,0.009568,107,95.52,103,0.23106060606060605,0.21710526315789475,1208.1260974533564,linear,9,25,7,True,1.92,0.0,0.0,225,50,0.4853,0.5676,MF,,,,,,,,,,,,,,,,,,,,,,,,,,,,,,,,,,,,,,,,,,,,,,,,,,,,,,,,,,,,,,,,,,,,,,,,,,,,,,,,,,,,,,,,,,,,,,,,,
MANAGED_FLOOD,linear,10,25,600,30,7,True,LONG_FAST,6,0,5,40,False,,,relay,300.0,420.0,,417,2057,0.20553557154276578,2414,2311438.336000001,1129,4780,3594,0.23619246861924686,12791.719702293098,31555.809790043684,179,1183,1.1735537190082646,316,298,0.943,25,0.010816,109,96.56,107,0.20833333333333334,0.2115079365079365,1208.1260974533564,linear,10,25,7,True,1.92,0.0,0.0,250,50,0.4677,0.5489,MF,,,,,,,,,,,,,,,,,,,,,,,,,,,,,,,,,,,,,,,,,,,,,,,,,,,,,,,,,,,,,,,,,,,,,,,,,,,,,,,,,,,,,,,,,,,,,,,,,
ADAPTIVE_RELAY,linear,2,25,600,30,7,True,LONG_FAST,6,0,5,40,False,,,relay,300.0,420.0,,334,1794,0.22380239520958084,2588,2195822.592000002,1203,5167,3914,0.23282368879427134,14268.64259970147,31979.435649801788,363,1052,1.4425863991081382,307,290,0.9446,18,0.008197,123,103.52,116,0.11848958333333333,0.1297979797979798,1208.1260974533564,linear,2,25,7,True,1.92,0.0,0.0,200,50,0.4648,0.6706,N3S_SHEP2D,289,116,264,163,124,0,0,126,0,0,166,15,0,0,0,0,0,184,0,0,0,0,38,5,64,0,0,42,81,0,0,42,0,0,0,0,0,0,0,0,0,0,0,0,0,738,105,589,44,0,0,0.0,0,0,0,0.0,0,0,0,0,0,80,229,0,0,0,0,0,0,213,155645.95199999993,18,229,80,328,0,49,67,14,0.0,0.0,0.0,"{""CLIENT"": 2588}",18,22.3103,31.8889,,,,,,,,,,,
ADAPTIVE_RELAY,linear,1,25,600,30,7,True,LONG_FAST,6,0,5,40,False,,,relay,300.0,420.0,,332,1877,0.2355672690763052,2674,2244059.136000002,1236,5347,4051,0.2311576585000935,16072.370261347274,36787.61677352042,378,1082,1.4246137453383059,310,290,0.9355,21,0.009358,134,106.96,119,0.12990196078431374,0.12653374233128833,1208.1260974533564,linear,1,25,7,True,1.92,0.0,0.0,225,50,0.4622,0.6585,N3S_SHEP2D,290,98,243,137,102,0,0,135,0,0,161,18,0,0,0,0,0,183,0,0,0,0,34,4,56,0,0,36,66,0,0,44,0,0,0,0,0,0,0,0,0,0,0,0,0,815,125,643,47,0,0,0.0,0,0,0,0.0,0,0,0,0,0,84,254,0,0,0,0,0,0,211,151603.19999999995,14,243,60,335,0,47,68,11,0.0,0.0,0.0,"{""CLIENT"": 2674}",21,27.2857,26.7143,,,,,,,,,,,
ADAPTIVE_RELAY,linear,4,25,600,30,7,True,LONG_FAST,6,0,5,40,False,,,relay,300.0,420.0,,319,1752,0.22884012539184953,2555,2140356.608000002,1212,5080,3829,0.23858267716535433,15266.860513964963,33574.17342640422,397,1055,1.4583333333333333,295,258,0.8746,18,0.00841,121,102.2,117,0.1148989898989899,0.12169715447154472,1208.1260974533564,linear,4,25,7,True,1.92,0.0,0.0,225,50,0.4744,0.6918,N3S_SHEP2D,277,83,232,133,105,0,0,120,0,0,165,18,0,0,0,0,0,156,0,0,0,0,28,1,67,0,0,33,71,0,0,45,0,0,0,0,0,0,0,0,0,0,0,2,4,780,120,616,44,2,0,0.0,0,0,0,0.0,0,0,0,0,0,80,228,0,0,0,0,0,0,213,157667.32799999995,21,260,76,313,0,47,66,14,0.0,0.0,0.0,"{""CLIENT"": 2555}",18,30.7831,28.2222,2,2,"{""census_suppress"": 2}",3.0,0.45,0.799,2.0,2.0,1.0,1.0,1.0
ADAPTIVE_RELAY,linear,3,25,600,30,7,True,LONG_FAST,6,0,5,40,False,,,relay,300.0,420.0,,316,1800,0.23734177215189872,2611,2162882.560000002,1211,5239,3966,0.2311509830120252,18663.408265137343,44474.06708397949,400,1064,1.4505555555555556,308,284,0.9221,10,0.004623,133,104.44,119,0.11742424242424243,0.12396480331262939,1208.1260974533564,linear,3,25,7,True,1.92,0.0,0.0,200,50,0.4638,0.6728,N3S_SHEP2D,278,71,223,116,77,0,0,117,0,0,155,17,0,0,0,0,0,154,0,0,0,0,37,6,73,0,0,33,43,0,0,53,0,0,0,0,0,0,0,0,0,0,0,1,2,848,120,683,45,1,0,0.0,0,0,0,0.0,0,0,0,0,0,79,250,0,0,0,0,0,0,220,159688.70399999997,17,311,69,330,0,49,68,15,0.0,0.0,0.0,"{""CLIENT"": 2611}",10,36.7746,49.4,1,1,"{""census_suppress"": 1}",2.0,0.0,0.668,0.0,0.0,0.0,0.0,1.0
ADAPTIVE_RELAY,linear,6,25,600,30,7,True,LONG_FAST,6,0,5,40,False,,,relay,300.0,420.0,,327,1764,0.22477064220183487,2566,2136111.1040000017,1211,5119,3852,0.2365696425083024,14125.226565162857,31298.77633788048,394,1020,1.4546485260770976,296,262,0.8851,22,0.010299,119,102.64,114,0.1261904761904762,0.12601010101010102,1208.1260974533564,linear,6,25,7,True,1.92,0.0,0.0,250,50,0.4719,0.6865,N3S_SHEP2D,286,86,213,121,91,0,0,100,0,0,155,18,0,0,0,0,0,137,0,0,0,0,29,3,63,0,0,31,58,0,0,36,0,0,0,0,0,0,0,0,0,0,0,0,0,801,125,630,46,0,0,0.0,0,0,0,0.0,0,0,0,0,0,82,229,0,0,0,0,0,0,220,159688.704,17,290,76,316,0,53,66,11,0.0,0.0,0.0,"{""CLIENT"": 2566}",22,29.8372,20.4545,,,,,,,,,,,
ADAPTIVE_RELAY,linear,5,25,600,30,7,True,LONG_FAST,6,0,5,40,False,,,relay,300.0,420.0,,327,1893,0.24120795107033638,2681,2239895.552000002,1248,5384,4084,0.23179791976225855,16465.557412255646,35879.76294711602,385,1119,1.416270470153196,322,298,0.9255,20,0.008929,141,107.24,125,0.11742424242424243,0.1272590361445783,1208.1260974533564,linear,5,25,7,True,1.92,0.0,0.0,225,50,0.4655,0.6593,N3S_SHEP2D,283,86,253,130,96,0,0,122,0,0,156,14,0,0,0,0,0,177,0,0,0,0,34,6,65,0,0,32,62,0,0,41,0,0,0,0,0,0,0,0,0,0,0,0,0,863,133,676,54,0,0,0.0,0,0,0,0.0,0,0,0,0,0,84,268,0,0,0,0,0,0,213,154972.15999999995,17,284,76,345,0,53,68,14,0.0,0.0,0.0,"{""CLIENT"": 2681}",20,31.1744,27.6,,,,,,,,,,,
ADAPTIVE_RELAY,linear,7,25,600,30,7,True,LONG_FAST,6,0,5,40,False,,,relay,300.0,420.0,,332,1841,0.23104919678714858,2578,2158153.728000002,1184,5151,3896,0.22985827994564162,14874.759795854616,32391.034609149894,367,1087,1.4003259098316132,309,284,0.9191,19,0.008804,122,103.12,116,0.11887254901960784,0.12816764132553607,1208.1260974533564,linear,7,25,7,True,1.92,0.0,0.0,225,50,0.4593,0.6431,N3S_SHEP2D,290,102,230,128,92,0,0,106,0,0,146,16,0,0,0,0,0,154,0,0,0,0,35,5,82,0,0,34,56,0,0,43,0,0,0,0,0,0,0,0,0,0,0,0,0,811,120,650,41,0,0,0.0,0,0,0,0.0,0,0,0,0,0,82,244,0,0,0,0,0,0,209,148234.23999999996,11,221,76,332,0,52,64,3,0.0,0.0,0.0,"{""CLIENT"": 2578}",19,25.2745,25.7895,,,,,,,,,,,
ADAPTIVE_RELAY,linear,8,25,600,30,7,True,LONG_FAST,6,0,5,40,False,,,relay,300.0,420.0,,331,1815,0.22847432024169184,2619,2182301.696000002,1253,5243,3934,0.2389853137516689,14642.953171060808,31619.944794321695,372,1040,1.4429752066115702,297,272,0.9158,19,0.008706,130,104.76,119,0.11397058823529412,0.1171239837398374,1208.1260974533564,linear,8,25,7,True,1.92,0.0,0.0,225,50,0.4784,0.6904,N3S_SHEP2D,288,98,234,124,91,0,0,116,0,0,153,19,0,0,0,0,0,168,0,0,0,0,33,4,56,0,0,20,71,0,0,37,0,0,0,0,0,0,0,0,0,0,0,0,0,841,132,668,41,0,0,0.0,0,0,0,0.0,0,0,0,0,0,81,223,0,0,0,0,0,0,214,152950.78399999999,13,223,66,318,0,52,68,10,0.0,0.0,0.0,"{""CLIENT"": 2619}",19,26.7245,27.2632,,,,,,,,,,,
ADAPTIVE_RELAY,linear,9,25,600,30,7,True,LONG_FAST,6,0,5,40,False,,,relay,300.0,420.0,,344,1855,0.22468507751937986,2594,2176317.440000002,1223,5191,3895,0.23560007705644384,15848.19854321283,36960.830697958474,357,1038,1.3983827493261456,311,286,0.9196,21,0.009649,124,103.76,122,0.13267543859649122,0.13178294573643412,1208.1260974533564,linear,9,25,7,True,1.92,0.0,0.0,225,50,0.4715,0.6593,N3S_SHEP2D,295,96,249,119,86,0,0,113,0,0,175,16,0,0,0,0,0,152,0,0,0,0,31,4,68,0,0,33,51,0,0,48,0,0,0,0,0,0,0,0,0,0,0,0,0,771,118,620,33,0,0,0.0,0,0,0,0.0,0,0,0,0,0,81,246,0,0,0,0,0,0,214,152950.78399999999,13,294,97,334,0,55,65,11,0.0,0.0,0.0,"{""CLIENT"": 2594}",21,27.0208,24.4762,,,,,,,,,,,
ADAPTIVE_RELAY,linear,10,25,600,30,7,True,LONG_FAST,6,0,5,40,False,,,relay,300.0,420.0,,323,1759,0.2269091847265222,2589,2148317.1840000018,1210,5161,3857,0.23445068785119164,17660.648897386287,36768.14543536139,407,1011,1.4718590108015919,299,270,0.903,17,0.007913,129,103.56,120,0.11887254901960784,0.12091002044989775,1208.1260974533564,linear,10,25,7,True,1.92,0.0,0.0,225,50,0.4674,0.6879,N3S_SHEP2D,284,77,226,139,100,0,0,122,0,0,163,19,0,0,0,0,0,161,0,0,0,0,39,6,58,0,0,40,60,0,0,51,0,0,0,0,0,0,0,0,0,0,0,0,0,790,131,614,45,0,0,0.0,0,0,0,0.0,0,0,0,0,0,80,238,0,0,0,0,0,0,223,162383.872,18,283,65,319,0,52,66,11,0.0,0.0,0.0,"{""CLIENT"": 2589}",17,33.6234,29.9412,,,,,,,,,,,
