router,scenario,seed,nodes,simtime_s,period_s,hop_limit,dms,modem,capture_db,clock_drift_ppm,model,packet_len,movement,kill_at_s,revive_at_s,kill_mode,deaf_at_s,deaf_until_s,ar_params,messages_generated,messages_delivered_pairs,reach,tx_count,tx_airtime_ms,collisions,sensed,received,collision_rate,latency_mean_ms,latency_p95_ms,retransmissions,dropped,tx_per_delivered,one_way_pairs,bidirectional_pairs,bidirectional_reach,conversations,ce_conversations_per_airtime_s,max_tx_per_node,avg_tx_per_node,p95_tx_per_node,reach_gen_first60s,reach_gen_first300s,meta_roles_mixed,meta_scenario,meta_seed,meta_n_nodes,meta_hop_limit,meta_dms,meta_avg_neighbors_t0,tx_start_interarrival_p50_ms,tx_start_interarrival_p95_ms,simultaneous_tx_peak,tx_burst_size_p95,collision_per_tx,collision_per_delivered,adaptive_primary_selected,adaptive_primary_success,adaptive_primary_failure,adaptive_backup1_triggered,adaptive_backup1_success,adaptive_backup2_triggered,adaptive_backup2_success,adaptive_mini_flood_triggered,adaptive_mpr_forward,adaptive_suppressed_forward,adaptive_route_switches,adaptive_primary_flaps,adaptive_sector_candidates,adaptive_sector_primary_selected,adaptive_unique_coverage_preserved,adaptive_cross_sector_suppression,adaptive_same_sector_inhibition,adaptive_segment_fallback,adaptive_confidence_low_time_ms,adaptive_gossip_forwards,ar_cancel_in_air,ar_cancel_residual_empty,ar_cancel_echo,ar_covered_elsewhere,watchdog_false_failure,ndb_entries,ndb_census_shield,ndb_radius_scaled,suppression_regret,unique_relay_suppressed,backup1_useful,backup1_redundant,backup2_useful,backup2_redundant,mini_flood_delivered,topk_evictions,mobility_recommend_mute,mobility_relay_suppressed,shepherd_msgs_tx,collect_hears,collect_ignored_scope,rescues_during_collect,rescue_budget_denied,shepherd_election_cancelled,boost_windows,boost_exits,suppressed_by_census,copies_before_suppress,copies_before_forward,n3_forward_rank0,n3_forward_rank1,n3_forward_rank2,n3_fallback_suppressed,n3_shep_rescues,n4_airtime_granted,n4_starved,neighborinfo_tx,neighborinfo_bytes,neighborinfo_airtime,neighborinfo_full_tx,neighborinfo_delta_tx,neighborinfo_delta_miss,neighborinfo_raw_bytes,neighborinfo_encoded_bytes,known_1hop,known_2hop,unique_bridge_detected,suppression_blocked_unique,suppression_blocked_low_alt,adaptive_inhibition_weak,adaptive_inhibition_medium,adaptive_inhibition_strong,known_2hop_entries,advertised_entries,functional_segments,segment_changes,cef_frontier_rescued,frontier_suppression_regret,relay_fatigue_mean,relay_fatigue_max,topk_table_high_mean,tx_by_role,death_count,death_reasons,death_mean_local_degree,death_mean_alt_paths,death_mean_confidence,death_mean_residual_cov,death_mean_my_unique_cov,death_mean_segment_count,death_frac_unique_gt0,death_frac_alt_le1,dm_acked,tx_per_successful_hop,fallbacks_per_delivered_dm,variant
ADAPTIVE_RELAY,mixed30,1,30,600,30,3,False,LONG_FAST,6,0,5,40,False,,,relay,,,,391,3184,0.28080077608254694,1701,1659990.0160000008,1417,8866,6928,0.1598240469208211,23331.86744211033,76410.36486992161,235,2021,0.5342336683417085,414,388,0.9372,0,0.0,119,56.7,109,0.2809083263246426,0.2789655172413793,True,mixed30,1,30,3,False,4.93,0.0,0.0,210,60,0.833,0.445,0,0,0,0,0,0,0,0,0,0,0,0,0,0,0,0,0,0,0,0,0,0,0,0,0,432,193,0,0,0,0,0,0,0,0,0,0,0,33,36,80,73,0,0,0,0,110,226,1762,563,580,506,110,73,0.0,0,0,0,0.0,0,0,0,0,0,188,189,0,0,0,0,0,0,434,0,80,114,73,63,0.0,0.0,0.0,"{""CLIENT_MUTE"": 230, ""CLIENT_BASE"": 683, ""ROUTER"": 788}",110,"{""census_suppress"": 110}",5.573,1.775,0.805,1.373,1.373,1.627,0.7,0.591,0,1701.0,0.0,N3S_SHEP2D_NDB
ADAPTIVE_RELAY,mixed30,4,30,600,30,3,False,LONG_FAST,6,0,5,40,False,,,relay,,,,354,2974,0.28969413598285604,1921,1609830.4000000008,2670,12137,6230,0.21998846502430583,51794.30874617983,241942.05006299404,449,1665,0.6459314055144586,526,444,0.8441,0,0.0,128,64.03333333333333,124,0.367513611615245,0.3494929006085193,True,mixed30,4,30,3,False,6.0,0.0,0.0,210,60,1.3899,0.8978,0,0,0,0,0,0,0,0,0,0,0,0,0,0,0,0,0,0,0,0,0,0,0,0,0,524,97,0,0,0,0,0,0,0,0,0,0,0,6,4,4,2,0,0,0,0,18,36,1419,370,426,616,18,2,0.0,0,0,0,0.0,0,0,0,0,0,232,285,0,0,0,0,0,0,535,0,119,108,2,16,0.0,0.0,0.0,"{""CLIENT_BASE"": 1182, ""CLIENT_MUTE"": 320, ""ROUTER"": 419}",18,"{""census_suppress"": 18}",6.944,1.0,0.781,3.056,3.056,2.167,0.556,0.722,0,1921.0,0.0,N3S_SHEP2D_NDB
ADAPTIVE_RELAY,mixed30,2,30,600,30,3,False,LONG_FAST,6,0,5,40,False,,,relay,,,,338,3211,0.3275862068965517,2126,1386434.5600000008,3414,19398,7064,0.17599752551809464,82864.52395741387,332134.76819691306,486,2245,0.6620990345686701,591,522,0.8832,0,0.0,144,70.86666666666666,134,0.5153256704980843,0.42172017439556087,True,mixed30,2,30,3,False,8.33,0.0,0.0,180,60,1.6058,1.0632,0,0,0,0,0,0,0,0,0,0,0,0,0,0,0,0,0,0,0,0,0,0,0,0,0,545,56,0,0,0,0,0,0,0,0,0,0,0,0,0,0,0,0,0,0,0,11,22,1844,724,498,613,11,0,0.0,0,0,0,0.0,0,0,0,0,0,312,390,0,0,0,0,0,0,614,0,170,124,,11,0.0,0.0,0.0,"{""CLIENT_BASE"": 1586, ""CLIENT_MUTE"": 301, ""ROUTER"": 239}",11,"{""census_suppress"": 11}",10.364,0.736,0.82,2.636,2.636,4.455,0.727,1.0,0,2126.0,0.0,N3S_SHEP2D_NDB
ADAPTIVE_RELAY,mixed30,3,30,600,30,3,False,LONG_FAST,6,0,5,40,False,,,relay,,,,346,3180,0.3169224636236795,2219,1875965.952000001,3804,15015,7113,0.25334665334665335,62911.3288753885,241307.78442384576,404,2408,0.6977987421383648,583,500,0.8576,0,0.0,125,73.96666666666667,116,0.44061302681992337,0.385384012539185,True,mixed30,3,30,3,False,7.33,0.0,0.0,180,60,1.7143,1.1962,0,0,0,0,0,0,0,0,0,0,0,0,0,0,0,0,0,0,0,0,0,0,0,0,0,570,194,0,0,0,0,0,0,0,0,0,0,0,12,6,20,5,0,0,0,0,53,106,1811,510,628,647,53,5,0.0,0,0,0,0.0,0,0,0,0,0,260,306,0,0,0,0,0,0,606,0,119,126,5,38,0.0,0.0,0.0,"{""ROUTER"": 1192, ""CLIENT_MUTE"": 231, ""CLIENT_BASE"": 796}",53,"{""census_suppress"": 53}",6.358,0.781,0.774,1.717,1.717,2.283,0.509,0.849,0,2219.0,0.0,N3S_SHEP2D_NDB
ADAPTIVE_RELAY,mixed30,8,30,600,30,3,False,LONG_FAST,6,0,5,40,False,,,relay,,,,403,2457,0.21023359288097887,1333,1382010.8800000006,960,5831,4845,0.1646372834848225,10196.494632130582,28107.3385371943,267,653,0.5425315425315426,282,242,0.8582,0,0.0,101,44.43333333333333,96,0.20344827586206896,0.20620689655172414,True,mixed30,8,30,3,False,4.4,0.0,0.0,210,60,0.7202,0.3907,0,0,0,0,0,0,0,0,0,0,0,0,0,0,0,0,0,0,0,0,0,0,0,0,0,296,22,0,0,0,0,0,0,0,0,0,0,0,11,9,10,12,0,0,0,0,35,71,930,269,302,334,35,12,0.0,0,0,0,0.0,0,0,0,0,0,171,123,0,0,0,0,0,0,279,0,100,71,12,25,0.0,0.0,0.0,"{""ROUTER"": 378, ""CLIENT_MUTE"": 391, ""CLIENT_BASE"": 564}",35,"{""census_suppress"": 35}",5.543,0.746,0.824,0.114,0.114,1.886,0.114,0.914,0,1333.0,0.0,N3S_SHEP2D_NDB
ADAPTIVE_RELAY,mixed30,5,30,600,30,3,False,LONG_FAST,6,0,5,40,False,,,relay,,,,337,3164,0.3237491046761486,1702,1490235.3920000007,3045,13264,7758,0.22956875753920386,47117.26105530756,162216.45590788528,471,1491,0.5379266750948167,486,438,0.9012,0,0.0,130,56.733333333333334,118,0.42684063373718545,0.38034276275036133,True,mixed30,5,30,3,False,8.0,0.0,0.0,180,60,1.7891,0.9624,0,0,0,0,0,0,0,0,0,0,0,0,0,0,0,0,0,0,0,0,0,0,0,0,0,486,90,0,0,0,0,0,0,0,0,0,0,0,1,0,0,2,0,0,0,0,13,26,1251,451,287,505,13,2,0.0,0,0,0,0.0,0,0,0,0,0,296,274,0,0,0,0,0,0,496,0,112,131,2,11,0.0,0.0,0.0,"{""CLIENT_MUTE"": 395, ""ROUTER"": 536, ""CLIENT_BASE"": 771}",13,"{""census_suppress"": 13}",8.692,1.731,0.83,2.231,2.231,2.692,0.538,0.462,0,1702.0,0.0,N3S_SHEP2D_NDB
ADAPTIVE_RELAY,mixed30,7,30,600,30,3,False,LONG_FAST,6,0,5,40,False,,,relay,,,,375,3149,0.2895632183908046,1901,1878839.296000001,2996,9881,6313,0.3032081773099889,28247.997464620505,101582.50823759908,302,1607,0.6036837091140045,546,466,0.8535,0,0.0,127,63.36666666666667,118,0.3010933557611438,0.2990330231709542,True,mixed30,7,30,3,False,5.27,0.0,0.0,210,60,1.576,0.9514,0,0,0,0,0,0,0,0,0,0,0,0,0,0,0,0,0,0,0,0,0,0,0,0,0,554,46,0,0,0,0,0,0,0,0,0,0,0,20,18,7,15,0,0,0,0,56,113,1426,357,416,627,56,15,0.0,0,0,0,0.0,0,0,0,0,0,194,253,0,0,0,0,0,0,571,0,100,107,15,47,0.0,0.0,0.0,"{""CLIENT_MUTE"": 300, ""ROUTER"": 1042, ""CLIENT_BASE"": 559}",56,"{""census_suppress"": 56}",5.518,0.659,0.778,2.0,2.0,2.25,0.482,0.893,0,1901.0,0.0,N3S_SHEP2D_NDB
ADAPTIVE_RELAY,mixed30,6,30,600,30,3,False,LONG_FAST,6,0,5,40,False,,,relay,,,,344,3299,0.3306936647955092,1993,1741365.2480000008,2497,12582,7815,0.19845811476712763,37210.20696649515,128889.09997322568,404,2109,0.6041224613519248,552,494,0.8949,0,0.0,170,66.43333333333334,126,0.4355716878402904,0.3666061705989111,True,mixed30,6,30,3,False,6.33,0.0,0.0,180,60,1.2529,0.7569,0,0,0,0,0,0,0,0,0,0,0,0,0,0,0,0,0,0,0,0,0,0,0,0,0,543,67,0,0,0,0,0,0,0,0,0,0,0,16,14,33,18,0,0,0,0,65,137,1616,500,481,598,65,18,0.0,0,0,0,0.0,0,0,0,0,0,240,175,0,0,0,0,0,0,557,0,104,139,18,43,0.0,0.0,0.0,"{""CLIENT_BASE"": 594, ""CLIENT_MUTE"": 344, ""ROUTER"": 1055}",65,"{""census_suppress"": 65}",6.985,0.872,0.77,3.031,3.031,2.185,0.785,0.923,0,1993.0,0.0,N3S_SHEP2D_NDB
ADAPTIVE_RELAY,mixed30,9,30,600,30,3,False,LONG_FAST,6,0,5,40,False,,,relay,,,,361,2810,0.2684115006208807,1409,1441398.7840000007,1835,7191,5257,0.2551800862188847,16048.31315820864,41047.35713040511,462,427,0.501423487544484,427,372,0.8712,0,0.0,120,46.96666666666667,106,0.2896551724137931,0.26813642359148293,True,mixed30,9,30,3,False,5.4,0.0,0.0,210,60,1.3023,0.653,0,0,0,0,0,0,0,0,0,0,0,0,0,0,0,0,0,0,0,0,0,0,0,0,0,424,14,0,0,0,0,0,0,0,0,0,0,0,3,2,0,0,0,0,0,0,8,16,730,185,122,419,8,0,0.0,0,0,0,0.0,0,0,0,0,0,219,169,0,0,0,0,0,0,432,0,105,86,,7,0.0,0.0,0.0,"{""CLIENT_MUTE"": 532, ""ROUTER"": 120, ""CLIENT_BASE"": 757}",8,"{""census_suppress"": 8}",6.75,0.562,0.734,2.0,2.0,1.875,0.375,1.0,0,1409.0,0.0,N3S_SHEP2D_NDB
ADAPTIVE_RELAY,mixed30,10,30,600,30,3,False,LONG_FAST,6,0,5,40,False,,,relay,,,,392,3061,0.2692646023926812,1754,1455327.2320000005,1521,10842,6297,0.14028776978417265,36369.06337321554,224144.42039958417,289,1410,0.573015354459327,425,370,0.8706,0,0.0,168,58.46666666666667,127,0.3232758620689655,0.29790259509420547,True,mixed30,10,30,3,False,5.67,0.0,0.0,180,60,0.8672,0.4969,0,0,0,0,0,0,0,0,0,0,0,0,0,0,0,0,0,0,0,0,0,0,0,0,0,444,72,0,0,0,0,0,0,0,0,0,0,0,22,16,33,33,0,0,0,0,57,116,1444,573,258,551,57,33,0.0,0,0,0,0.0,0,0,0,0,0,227,193,0,0,0,0,0,0,450,0,100,107,33,42,0.0,0.0,0.0,"{""ROUTER"": 789, ""CLIENT_BASE"": 602, ""CLIENT_MUTE"": 363}",57,"{""census_suppress"": 57}",6.526,0.979,0.83,1.912,1.912,2.509,0.632,0.702,0,1754.0,0.0,N3S_SHEP2D_NDB
