router,scenario,seed,nodes,simtime_s,period_s,hop_limit,dms,modem,capture_db,clock_drift_ppm,model,packet_len,movement,kill_at_s,revive_at_s,kill_mode,deaf_at_s,deaf_until_s,ar_params,messages_generated,messages_delivered_pairs,reach,tx_count,tx_airtime_ms,collisions,sensed,received,collision_rate,latency_mean_ms,latency_p95_ms,retransmissions,dropped,tx_per_delivered,one_way_pairs,bidirectional_pairs,bidirectional_reach,conversations,ce_conversations_per_airtime_s,max_tx_per_node,avg_tx_per_node,p95_tx_per_node,reach_gen_first60s,reach_gen_first300s,meta_hub_id,meta_scenario,meta_seed,meta_n_nodes,meta_hop_limit,meta_dms,meta_avg_neighbors_t0,tx_start_interarrival_p50_ms,tx_start_interarrival_p95_ms,simultaneous_tx_peak,tx_burst_size_p95,collision_per_tx,collision_per_delivered,variant,adaptive_primary_selected,adaptive_primary_success,adaptive_primary_failure,adaptive_backup1_triggered,adaptive_backup1_success,adaptive_backup2_triggered,adaptive_backup2_success,adaptive_mini_flood_triggered,adaptive_mpr_forward,adaptive_suppressed_forward,adaptive_route_switches,adaptive_primary_flaps,adaptive_sector_candidates,adaptive_sector_primary_selected,adaptive_unique_coverage_preserved,adaptive_cross_sector_suppression,adaptive_same_sector_inhibition,adaptive_segment_fallback,adaptive_confidence_low_time_ms,adaptive_gossip_forwards,ar_cancel_in_air,ar_cancel_residual_empty,ar_cancel_echo,ar_covered_elsewhere,watchdog_false_failure,suppression_regret,unique_relay_suppressed,backup1_useful,backup1_redundant,backup2_useful,backup2_redundant,mini_flood_delivered,topk_evictions,mobility_recommend_mute,mobility_relay_suppressed,shepherd_msgs_tx,collect_hears,collect_ignored_scope,rescues_during_collect,rescue_budget_denied,shepherd_election_cancelled,boost_windows,boost_exits,suppressed_by_census,copies_before_suppress,copies_before_forward,n3_forward_rank0,n3_forward_rank1,n3_forward_rank2,n3_fallback_suppressed,n3_shep_rescues,n4_airtime_granted,n4_starved,neighborinfo_tx,neighborinfo_bytes,neighborinfo_airtime,neighborinfo_full_tx,neighborinfo_delta_tx,neighborinfo_delta_miss,neighborinfo_raw_bytes,neighborinfo_encoded_bytes,known_1hop,known_2hop,unique_bridge_detected,suppression_blocked_unique,suppression_blocked_low_alt,adaptive_inhibition_weak,adaptive_inhibition_medium,adaptive_inhibition_strong,asymmetric_link_suppression,probe_tx,probe_airtime,probe_responses,asym_suppressed_but_lost,known_2hop_entries,advertised_entries,functional_segments,segment_changes,client_repeats,probe_responses_received,frontier_suppression_regret,relay_fatigue_mean,relay_fatigue_max,topk_table_high_mean,tx_by_role,death_count,death_reasons,death_mean_local_degree,death_mean_alt_paths,death_mean_confidence,death_mean_residual_cov,death_mean_my_unique_cov,death_mean_segment_count,death_frac_unique_gt0,death_frac_alt_le1,dm_acked,tx_per_successful_hop,fallbacks_per_delivered_dm
MANAGED_FLOOD,hub,1,26,600,30,5,True,LONG_FAST,6,0,5,40,False,,,relay,300.0,420.0,,367,2682,0.2923160762942779,2731,1586692.0960000008,2551,18715,5663,0.13630777451242318,151577.79470713294,395222.7278324872,381,2524,1.0182699478001491,603,562,0.932,22,0.013865,153,105.03846153846153,135,0.7262222222222222,0.46442105263157896,0,hub,1,26,5,True,5.15,0.0,0.0,156,52,0.9341,0.9512,MF,,,,,,,,,,,,,,,,,,,,,,,,,,,,,,,,,,,,,,,,,,,,,,,,,,,,,,,,,,,,,,,,,,,,,,,,,,,,,,,,,,,,,,,,,,,,,,,,,,
MANAGED_FLOOD,hub,3,26,600,30,5,True,LONG_FAST,6,0,5,40,False,,,relay,300.0,420.0,,372,2664,0.2864516129032258,2698,1579880.4480000008,2536,18516,5628,0.13696262691726074,143155.88046768316,383425.53731258714,397,2557,1.0127627627627627,610,578,0.9475,22,0.013925,147,103.76923076923077,136,0.6613953488372093,0.44164102564102564,0,hub,3,26,5,True,5.08,0.0,0.0,182,52,0.94,0.952,MF,,,,,,,,,,,,,,,,,,,,,,,,,,,,,,,,,,,,,,,,,,,,,,,,,,,,,,,,,,,,,,,,,,,,,,,,,,,,,,,,,,,,,,,,,,,,,,,,,,
MANAGED_FLOOD,hub,4,26,600,30,5,True,LONG_FAST,6,0,5,40,False,,,relay,300.0,420.0,,373,2637,0.28278820375335123,2705,1628327.9360000007,2750,18296,5643,0.15030607783121994,142122.82696876518,395976.8507494637,388,2611,1.0257868790291997,625,606,0.9696,22,0.013511,146,104.03846153846153,134,0.628695652173913,0.4563829787234043,0,hub,4,26,5,True,5.0,0.0,0.0,182,52,1.0166,1.0429,MF,,,,,,,,,,,,,,,,,,,,,,,,,,,,,,,,,,,,,,,,,,,,,,,,,,,,,,,,,,,,,,,,,,,,,,,,,,,,,,,,,,,,,,,,,,,,,,,,,,
MANAGED_FLOOD,hub,2,26,600,30,5,True,LONG_FAST,6,0,5,40,False,,,relay,300.0,420.0,,386,2730,0.28290155440414505,2766,1589921.7920000006,2612,18960,5623,0.13776371308016877,144217.76760495524,406241.6609602137,340,2481,1.0131868131868131,616,582,0.9448,26,0.016353,148,106.38461538461539,136,0.7168627450980393,0.45463917525773195,0,hub,2,26,5,True,5.08,0.0,0.0,156,52,0.9443,0.9568,MF,,,,,,,,,,,,,,,,,,,,,,,,,,,,,,,,,,,,,,,,,,,,,,,,,,,,,,,,,,,,,,,,,,,,,,,,,,,,,,,,,,,,,,,,,,,,,,,,,,
MANAGED_FLOOD,hub,5,26,600,30,5,True,LONG_FAST,6,0,5,40,False,,,relay,300.0,420.0,,366,2677,0.292568306010929,2725,1606789.1200000008,2548,18681,5676,0.13639526791927628,147940.40009174147,399348.68449875806,387,2558,1.0179305192379529,605,568,0.9388,19,0.011825,145,104.8076923076923,139,0.7,0.4554639175257732,0,hub,5,26,5,True,5.0,0.0,0.0,156,52,0.935,0.9518,MF,,,,,,,,,,,,,,,,,,,,,,,,,,,,,,,,,,,,,,,,,,,,,,,,,,,,,,,,,,,,,,,,,,,,,,,,,,,,,,,,,,,,,,,,,,,,,,,,,,
MANAGED_FLOOD,hub,6,26,600,30,5,True,LONG_FAST,6,0,5,40,False,,,relay,300.0,420.0,,365,2652,0.29063013698630136,2663,1592389.632000001,2652,18029,5574,0.1470963447778579,146375.9635117602,396667.6479999996,359,2491,1.0041478129713424,615,584,0.9496,22,0.013816,144,102.42307692307692,131,0.708,0.44288659793814433,0,hub,6,26,5,True,5.0,0.0,0.0,208,52,0.9959,1.0,MF,,,,,,,,,,,,,,,,,,,,,,,,,,,,,,,,,,,,,,,,,,,,,,,,,,,,,,,,,,,,,,,,,,,,,,,,,,,,,,,,,,,,,,,,,,,,,,,,,,
MANAGED_FLOOD,hub,7,26,600,30,5,True,LONG_FAST,6,0,5,40,False,,,relay,300.0,420.0,,379,2711,0.28612137203166227,2740,1572562.9440000008,2295,18670,5718,0.12292447777182645,149461.53116126524,415279.16565340443,369,2513,1.0106971597196606,607,570,0.939,22,0.01399,141,105.38461538461539,136,0.72,0.4496969696969697,0,hub,7,26,5,True,5.0,0.0,0.0,156,52,0.8376,0.8466,MF,,,,,,,,,,,,,,,,,,,,,,,,,,,,,,,,,,,,,,,,,,,,,,,,,,,,,,,,,,,,,,,,,,,,,,,,,,,,,,,,,,,,,,,,,,,,,,,,,,
MANAGED_FLOOD,hub,8,26,600,30,5,True,LONG_FAST,6,0,5,40,False,,,relay,300.0,420.0,,364,2722,0.29912087912087915,2759,1607137.2800000007,2599,18697,5729,0.13900625768839922,149441.53473061192,393138.0175717301,389,2562,1.0135929463629685,603,564,0.9353,22,0.013689,144,106.11538461538461,136,0.6982608695652174,0.4604123711340206,0,hub,8,26,5,True,5.0,0.0,0.0,156,52,0.942,0.9548,MF,,,,,,,,,,,,,,,,,,,,,,,,,,,,,,,,,,,,,,,,,,,,,,,,,,,,,,,,,,,,,,,,,,,,,,,,,,,,,,,,,,,,,,,,,,,,,,,,,,
MANAGED_FLOOD,hub,9,26,600,30,5,True,LONG_FAST,6,0,5,40,False,,,relay,300.0,420.0,,371,2740,0.2954177897574124,2809,1596053.504000001,2395,19237,5729,0.12449966210947654,147569.95825181788,399438.6589770301,397,2582,1.025182481751825,615,586,0.9528,21,0.013157,145,108.03846153846153,142,0.7109090909090909,0.46375,0,hub,9,26,5,True,5.0,0.0,0.0,182,52,0.8526,0.8741,MF,,,,,,,,,,,,,,,,,,,,,,,,,,,,,,,,,,,,,,,,,,,,,,,,,,,,,,,,,,,,,,,,,,,,,,,,,,,,,,,,,,,,,,,,,,,,,,,,,,
MANAGED_FLOOD,hub,10,26,600,30,5,True,LONG_FAST,6,0,5,40,False,,,relay,300.0,420.0,,368,2672,0.29043478260869565,2702,1615323.1360000006,2568,18268,5683,0.14057368075322968,140501.54500247232,393835.15782472113,397,2573,1.0112275449101797,611,586,0.9591,24,0.014858,137,103.92307692307692,131,0.6272727272727273,0.4504712041884817,0,hub,10,26,5,True,5.08,0.0,0.0,182,52,0.9504,0.9611,MF,,,,,,,,,,,,,,,,,,,,,,,,,,,,,,,,,,,,,,,,,,,,,,,,,,,,,,,,,,,,,,,,,,,,,,,,,,,,,,,,,,,,,,,,,,,,,,,,,,
ADAPTIVE_RELAY,hub,1,26,600,30,5,True,LONG_FAST,6,0,5,40,False,,,relay,300.0,420.0,,313,2606,0.33303514376996807,2760,1632847.8720000011,3176,17879,6459,0.17763857038984282,134702.21636836417,392169.20449946413,506,1927,1.059094397544129,592,542,0.9155,16,0.009799,142,106.15384615384616,131,0.30742857142857144,0.25842105263157894,0,hub,1,26,5,True,5.15,0.0,0.0,156,52,1.1507,1.2187,N3S_SHEP2D,261,34,397,130,102,0,0,143,0,0,450,88,0,0,0,0,0,307,0,0,0,0,27,31,24,0,0,26,74,0,0,19,0,0,0,2,1,2,0,0,0,0,0,8,16,983,378,357,247,8,0,0.0,0,0,0,0.0,0,0,0,0,0,224,384,0,0,0,0,0,0,702,181,134758.39999999997,19,90,616,0,158,118,15,10,8,0.0,0.0,0.0,"{""CLIENT"": 2760}",8,"{""census_suppress"": 8}",2.625,0.372,0.812,0.5,0.5,1.25,0.125,1.0,16,81.1765,53.875
ADAPTIVE_RELAY,hub,2,26,600,30,5,True,LONG_FAST,6,0,5,40,False,,,relay,300.0,420.0,,309,2669,0.34550161812297736,2774,1607755.7760000012,3006,18229,6521,0.16490207910472324,133224.70266861952,394955.0523667728,514,1872,1.0393405769951292,591,548,0.9272,18,0.011196,142,106.6923076923077,130,0.3382857142857143,0.27578947368421053,0,hub,2,26,5,True,5.08,0.0,0.0,182,52,1.0836,1.1263,N3S_SHEP2D,256,28,373,137,110,0,0,130,0,0,478,92,0,0,0,0,0,274,0,0,0,0,27,27,21,0,0,37,73,0,0,26,0,0,0,2,2,0,0,0,0,0,0,14,28,971,402,330,239,14,0,0.0,0,0,0,0.0,0,0,0,0,0,216,365,0,0,0,0,0,0,632,182,136105.98399999997,20,99,607,0,138,117,16,12,13,0.0,0.0,0.0,"{""CLIENT"": 2774}",14,"{""census_suppress"": 14}",4.786,0.549,0.784,2.5,2.5,3.429,0.286,1.0,18,99.0714,44.0556
ADAPTIVE_RELAY,hub,3,26,600,30,5,True,LONG_FAST,6,0,5,40,False,,,relay,300.0,420.0,,313,2586,0.3304792332268371,2723,1594849.2800000012,3058,17886,6501,0.17097170971709716,141919.83688885986,416083.95822966826,512,1927,1.0529775715390564,607,580,0.9555,19,0.011913,129,104.73076923076923,125,0.32484848484848483,0.26904458598726116,0,hub,3,26,5,True,5.08,0.0,0.0,156,52,1.123,1.1825,N3S_SHEP2D,257,32,370,140,109,0,0,120,0,0,454,92,0,0,0,0,0,271,0,0,0,0,31,33,14,0,0,33,74,0,0,24,0,0,0,1,1,0,0,0,0,0,0,4,8,948,413,305,229,4,0,0.0,0,0,0,0.0,0,0,0,0,0,227,338,0,0,0,0,0,0,675,183,135432.19199999995,18,99,628,0,155,116,10,10,4,0.0,0.0,0.0,"{""CLIENT"": 2723}",4,"{""census_suppress"": 4}",2.0,0.347,0.661,0.0,0.0,0.25,0.0,0.75,19,85.0938,40.5789
ADAPTIVE_RELAY,hub,4,26,600,30,5,True,LONG_FAST,6,0,5,40,False,,,relay,300.0,420.0,,308,2526,0.32805194805194804,2822,1620162.5600000012,3090,18629,6379,0.16587041709163133,131885.98831706133,385323.24353838083,497,1939,1.1171813143309581,581,536,0.9225,19,0.011727,147,108.53846153846153,135,0.32903225806451614,0.24496732026143792,0,hub,4,26,5,True,5.0,0.0,0.0,156,52,1.095,1.2233,N3S_SHEP2D,258,45,366,121,100,0,0,134,0,0,429,93,0,0,0,0,0,296,0,0,0,0,21,28,21,0,0,26,74,0,0,23,0,0,0,0,0,0,0,0,0,0,0,4,8,974,383,327,261,4,0,0.0,0,0,0,0.0,0,0,0,0,0,209,316,0,0,0,0,0,0,622,175,130715.64799999996,19,70,597,0,130,116,17,11,3,0.0,0.0,0.0,"{""CLIENT"": 2822}",4,"{""census_suppress"": 4}",2.0,0.15,0.688,0.0,0.0,0.5,0.0,1.0,19,62.7111,42.7895
ADAPTIVE_RELAY,hub,5,26,600,30,5,True,LONG_FAST,6,0,5,40,False,,,relay,300.0,420.0,,320,2640,0.33,2748,1626642.4320000012,3122,18109,6432,0.1724004638577503,131972.03819686838,379791.0796429827,505,1876,1.040909090909091,576,518,0.8993,16,0.009836,135,105.6923076923077,128,0.3231578947368421,0.27652173913043476,0,hub,5,26,5,True,5.0,0.0,0.0,182,52,1.1361,1.1826,N3S_SHEP2D,258,27,377,134,102,0,0,124,0,0,444,86,0,0,0,0,0,284,0,0,0,0,32,38,24,0,0,35,65,0,0,37,0,0,0,0,0,0,0,0,0,0,0,5,10,938,362,337,239,5,0,0.0,0,0,0,0.0,0,0,0,0,0,216,349,0,0,0,0,0,0,776,172,126672.89599999995,16,93,589,0,143,116,21,5,2,0.0,0.0,0.0,"{""CLIENT"": 2748}",5,"{""census_suppress"": 5}",4.6,0.28,0.696,1.2,1.2,2.2,0.4,1.0,16,101.7778,50.375
ADAPTIVE_RELAY,hub,6,26,600,30,5,True,LONG_FAST,6,0,5,40,False,,,relay,300.0,420.0,,314,2596,0.33070063694267515,2798,1595987.9680000013,2872,18621,6572,0.154234466462596,137998.93867092562,406310.8701214041,499,1911,1.0778120184899846,592,546,0.9223,20,0.012531,146,107.61538461538461,134,0.3176470588235294,0.26364779874213834,0,hub,6,26,5,True,5.0,0.0,0.0,156,52,1.0264,1.1063,N3S_SHEP2D,257,41,405,137,116,0,0,142,0,0,462,91,0,0,0,0,0,313,0,0,0,0,20,31,25,0,0,35,76,0,0,33,0,0,0,0,0,0,0,0,0,0,0,9,18,965,392,320,251,9,0,0.0,0,0,0,0.0,0,0,0,0,0,224,354,0,0,0,0,0,0,631,182,130715.64799999999,12,92,613,0,138,119,12,7,7,0.0,0.0,0.0,"{""CLIENT"": 2798}",9,"{""census_suppress"": 9}",4.778,0.52,0.726,1.444,1.444,3.222,0.222,0.889,20,68.2439,43.6
ADAPTIVE_RELAY,hub,7,26,600,30,5,True,LONG_FAST,6,0,5,40,False,,,relay,300.0,420.0,,306,2681,0.35045751633986927,2868,1636757.5040000014,3268,18908,6552,0.17283689443621747,142306.64512008877,415795.2626792843,519,1956,1.0697500932487878,599,556,0.9282,15,0.009164,161,110.3076923076923,137,0.33176470588235296,0.2575483870967742,0,hub,7,26,5,True,5.0,0.0,0.0,182,52,1.1395,1.2189,N3S_SHEP2D,252,28,327,92,70,0,0,131,0,0,368,70,0,0,0,0,0,280,0,0,0,0,22,21,12,0,0,24,45,0,0,25,0,0,0,0,0,0,0,0,0,0,0,9,18,1102,452,378,271,9,0,0.0,0,0,0,0.0,0,0,0,0,0,220,394,0,0,0,0,0,0,598,192,139474.94399999996,15,47,618,0,153,119,13,8,6,0.0,0.0,0.0,"{""CLIENT"": 2868}",9,"{""census_suppress"": 9}",2.556,0.258,0.622,0.222,0.222,0.889,0.222,1.0,15,102.4286,50.0667
ADAPTIVE_RELAY,hub,8,26,600,30,5,True,LONG_FAST,6,0,5,40,False,,,relay,300.0,420.0,,318,2646,0.3328301886792453,2789,1627418.6240000012,3182,18449,6500,0.1724754729253618,128476.32354263151,391733.3189509054,502,1962,1.0540438397581255,591,546,0.9239,20,0.012289,138,107.26923076923077,127,0.3329032258064516,0.26163522012578616,0,hub,8,26,5,True,5.0,0.0,0.0,156,52,1.1409,1.2026,N3S_SHEP2D,260,33,417,150,121,0,0,137,0,0,478,95,0,0,0,0,0,313,0,0,0,0,28,35,12,0,0,32,89,0,0,34,0,0,0,0,0,0,0,0,0,0,0,14,28,935,359,348,226,14,0,0.0,0,0,0,0.0,0,0,0,0,0,220,313,0,0,0,0,0,0,815,174,127346.68799999994,15,104,603,0,135,118,26,8,13,0.0,0.0,0.0,"{""CLIENT"": 2789}",14,"{""census_suppress"": 14}",3.929,0.326,0.705,1.643,1.643,0.857,0.357,1.0,20,84.5152,44.65
ADAPTIVE_RELAY,hub,9,26,600,30,5,True,LONG_FAST,6,0,5,40,False,,,relay,300.0,420.0,,311,2665,0.3427652733118971,2766,1590362.1120000011,3001,18343,6470,0.16360464482363846,129916.07778594972,400847.6788179041,502,1971,1.0378986866791744,578,522,0.9031,23,0.014462,144,106.38461538461539,133,0.3333333333333333,0.2579746835443038,0,hub,9,26,5,True,5.0,0.0,0.0,156,52,1.085,1.1261,N3S_SHEP2D,255,29,408,130,102,0,0,142,0,0,494,103,0,0,0,0,0,325,0,0,0,0,27,34,11,0,0,34,67,0,0,30,0,0,0,1,1,0,0,0,0,0,0,8,16,1004,385,350,269,8,0,0.0,0,0,0,0.0,0,0,0,0,0,213,401,0,0,0,0,0,0,670,179,131389.43999999997,16,83,601,0,147,117,19,9,7,0.0,0.0,0.0,"{""CLIENT"": 2766}",8,"{""census_suppress"": 8}",2.0,0.307,0.597,0.0,0.0,0.75,0.0,1.0,23,95.3793,38.8696
ADAPTIVE_RELAY,hub,10,26,600,30,5,True,LONG_FAST,6,0,5,40,False,,,relay,300.0,420.0,,309,2646,0.3425242718446602,2872,1607483.3920000012,3012,19211,6485,0.15678517516006454,133194.2296661208,384493.5624946815,499,1921,1.0854119425547997,596,560,0.9396,17,0.010576,150,110.46153846153847,138,0.3018181818181818,0.25528662420382164,0,hub,10,26,5,True,5.08,0.0,0.0,182,52,1.0487,1.1383,N3S_SHEP2D,259,34,387,130,109,0,0,142,0,0,514,106,0,0,0,0,0,305,0,0,0,0,21,37,24,0,0,51,56,0,0,45,0,0,0,4,6,0,0,0,0,0,0,14,28,1037,387,357,292,14,0,0.0,0,0,0,0.0,0,0,0,0,0,226,367,0,0,0,0,0,0,633,176,132063.23199999996,20,82,617,0,163,117,20,11,14,0.0,0.0,0.0,"{""CLIENT"": 2872}",14,"{""census_suppress"": 14}",2.071,0.326,0.679,0.071,0.071,0.643,0.071,0.929,17,84.4706,50.2353
