router,scenario,seed,nodes,simtime_s,period_s,hop_limit,dms,modem,capture_db,clock_drift_ppm,model,packet_len,movement,kill_at_s,ar_params,messages_generated,messages_delivered_pairs,reach,tx_count,tx_airtime_ms,collisions,sensed,received,collision_rate,latency_mean_ms,latency_p95_ms,retransmissions,dropped,tx_per_delivered,one_way_pairs,bidirectional_pairs,bidirectional_reach,conversations,ce_conversations_per_airtime_s,max_tx_per_node,avg_tx_per_node,p95_tx_per_node,reach_gen_first60s,reach_gen_first300s,meta_area_side,meta_scenario,meta_seed,meta_n_nodes,meta_hop_limit,meta_dms,meta_avg_neighbors_t0,tx_start_interarrival_p50_ms,tx_start_interarrival_p95_ms,simultaneous_tx_peak,tx_burst_size_p95,collision_per_tx,collision_per_delivered,variant
MANAGED_FLOOD,dense,2,50,900,5,3,False,LONG_FAST,6,0,5,40,False,,,871,8123,0.1903277958715059,9754,1678315.5200000007,15311,289805,22117,0.052832076741257054,324590.6633500371,697272.0348523932,2514,13135,1.2007878862489227,2255,2096,0.9295,0,0.0,219,195.08,216,0.8110936682365254,0.4511175898931001,3500.0,dense,2,50,3,False,29.48,0.0,0.0,200,100,1.5697,1.8849,MF
MANAGED_FLOOD,dense,1,50,900,5,3,False,LONG_FAST,6,0,5,40,False,,,914,8056,0.17987764033403295,9639,1723140.0960000008,13580,254634,22426,0.0533314482747787,330472.8882160822,713039.4178629975,2637,13577,1.1964995034756702,2286,2156,0.9431,0,0.0,221,192.78,214,0.7717996289424861,0.44526329050138574,3500.0,dense,1,50,3,False,26.12,0.0,0.0,200,100,1.4089,1.6857,MF
MANAGED_FLOOD,dense,3,50,900,5,3,False,LONG_FAST,6,0,5,40,False,,,887,8222,0.1891723995122288,9791,1629321.2160000007,15332,297278,22843,0.051574620388996156,328758.9992410154,704107.6837178082,2495,13909,1.1908294818778886,2244,2058,0.9171,0,0.0,222,195.82,212,0.7821600550332493,0.47378436905308746,3500.0,dense,3,50,3,False,30.32,0.0,0.0,200,100,1.5659,1.8648,MF
MANAGED_FLOOD,dense,4,50,900,5,3,False,LONG_FAST,6,0,5,40,False,,,892,7952,0.18193465727098015,9741,1557393.4080000008,14561,316195,22912,0.046050696563829284,334161.13932186016,713282.6411312456,2511,13984,1.2249748490945673,2320,2206,0.9509,0,0.0,220,194.82,216,0.8165666266506603,0.4529460687096155,3500.0,dense,4,50,3,False,31.72,0.0,0.0,200,100,1.4948,1.8311,MF
MANAGED_FLOOD,dense,5,50,900,5,3,False,LONG_FAST,6,0,5,40,False,,,868,8361,0.19658139753597292,9754,1578242.0480000007,15430,295945,22903,0.05213806619473213,329203.86696300475,689329.9595779092,2491,13906,1.166606865207511,2310,2184,0.9455,0,0.0,217,195.08,210,0.806491271207278,0.49293050553554757,3500.0,dense,5,50,3,False,30.12,0.0,0.0,200,100,1.5819,1.8455,MF
MANAGED_FLOOD,dense,6,50,900,5,3,False,LONG_FAST,6,0,5,40,False,,,847,8051,0.19398597691733127,9621,1629321.2160000007,16626,303675,22346,0.054749320819955545,319586.3199334197,689916.4623920813,2421,13403,1.1950068314495095,2285,2144,0.9383,0,0.0,220,192.42,214,0.8185131195335277,0.46776591431274495,3500.0,dense,6,50,3,False,31.96,0.0,0.0,200,100,1.7281,2.0651,MF
MANAGED_FLOOD,dense,8,50,900,5,3,False,LONG_FAST,6,0,5,40,False,,,922,8157,0.18055248129620613,9792,1780473.8560000008,13444,252282,22846,0.0532895727796672,327272.1985181722,689172.4124408124,2592,13974,1.2004413387274733,2199,2032,0.9241,0,0.0,219,195.84,216,0.7304328324736488,0.44166461765429066,3500.0,dense,8,50,3,False,25.6,0.0,0.0,200,100,1.373,1.6482,MF
MANAGED_FLOOD,dense,7,50,900,5,3,False,LONG_FAST,6,0,5,40,False,,,887,8222,0.1891723995122288,9724,1724182.5280000009,14539,278821,22947,0.052144565868424544,319123.2084022353,702997.9755779097,2529,13956,1.1826806129895402,2244,2062,0.9189,0,0.0,222,194.48,217,0.7725947521865889,0.45324205631619735,3500.0,dense,7,50,3,False,28.52,0.0,0.0,200,100,1.4952,1.7683,MF
MANAGED_FLOOD,dense,10,50,900,5,3,False,LONG_FAST,6,0,5,40,False,,,933,7914,0.17310847168449373,9669,1728352.2560000008,12098,250457,22613,0.04830370083487385,324790.53678363404,681587.3010512097,2703,13852,1.2217589082638363,2108,1898,0.9004,0,0.0,221,193.38,215,0.6883318544809228,0.4280869617876824,3500.0,dense,10,50,3,False,25.24,0.0,0.0,200,100,1.2512,1.5287,MF
MANAGED_FLOOD,dense,9,50,900,5,3,False,LONG_FAST,6,0,5,40,False,,,873,8217,0.19208920681674732,9810,1665806.3360000008,15685,290145,22505,0.05405917730789778,322027.5764532763,685268.5199560537,2494,13564,1.1938663745892661,2277,2126,0.9337,0,0.0,228,196.2,216,0.7857142857142857,0.45672952725393956,3500.0,dense,9,50,3,False,29.16,0.0,0.0,200,100,1.5989,1.9088,MF
